name,td,lifetime,founder_followers,nfounder,founder_score,ninvestor,investor_score,nboard,board_score,founder_sumfollowers,nfounder_sum,ninvestor_sum,nboard_sum,seed_amount,RFCclass,RFCprobA,RFRpred,RFRval,ETCclass,ETCprobA,ETRpred,ETRval,diffR
SpotMe,221.00049504,221.00049504,30.333333333333332,1.0,5.0,0.3333333333333333,1.3333333333333333,0.0,0.0,91.0,3.0,1.0,0.0,20000.0,0.0,0.005,1512000.0,11461.192391304348,0.0,0.0,3805960.0,0.0,1500538.8076086957
Skillbridge,199.00044576,199.00044576,10.0,1.0,6.0,0.0,0.0,0.0,0.0,10.0,1.0,0.0,0.0,20000.0,0.0,0.1,1712000.0,11461.192391304348,0.0,0.0,3480002.0,0.0,1700538.8076086957
Juristat,226.00050624,226.00050624,0.0,0.0,0.0,0.0,0.0,0.0,0.0,0.0,0.0,0.0,0.0,160000.0,0.0,0.1,1745001.0,11461.192391304348,0.0,0.0,3611918.0,0.0,1733539.8076086957
Symvato,161.00036064,161.00036064,0.0,0.0,0.0,0.0,0.0,0.0,0.0,0.0,0.0,0.0,0.0,50000.0,0.0,0.1,1745001.0,11461.192391304348,0.0,0.0,3820959.0,0.0,1733539.8076086957
Donde,194.00043456,194.00043456,0.0,0.0,0.0,0.0,0.0,0.0,0.0,0.0,0.0,0.0,0.0,165000.0,0.0,0.1,1745001.0,11461.192391304348,0.0,0.0,3631918.0,0.0,1733539.8076086957
Openbay,104.00023296,104.00023296,4.0,1.0,6.0,0.0,0.0,0.0,0.0,4.0,1.0,0.0,0.0,1.0,0.0,0.005,2087001.0,11461.192391304348,0.0,0.0,3715001.0,0.0,2075539.8076086957
Koemei,70.0001568,70.0001568,0.0,0.0,0.0,0.0,0.0,0.0,0.0,0.0,0.0,0.0,0.0,1.0,0.0,0.005,2095001.0,11461.192391304348,0.0,0.0,3620959.0,0.0,2083539.8076086957
OpenCare,164.00036736,164.00036736,0.0,0.0,0.0,0.0,0.0,0.0,0.0,0.0,0.0,0.0,0.0,1.0,0.0,0.005,2120000.0,11461.192391304348,0.0,0.0,3620959.0,0.0,2108538.8076086957
CredSimple,223.00049952,223.00049952,0.0,0.0,0.0,0.0,0.0,0.0,0.0,0.0,0.0,0.0,0.0,1.0,0.0,0.005,2120000.0,11461.192391304348,0.0,0.0,3620959.0,0.0,2108538.8076086957
Communities for Cause,116.00025984,116.00025984,0.0,0.0,0.0,0.0,0.0,0.0,0.0,0.0,0.0,0.0,0.0,292500.0,0.0,0.005,2205003.0,11461.192391304348,0.0,0.0,2541920.1,0.0,2193541.8076086957
Widow Games,51.00011424,51.00011424,0.0,0.0,0.0,0.0,0.0,0.0,0.0,0.0,0.0,0.0,0.0,250000.0,0.0,0.1,2205003.0,11461.192391304348,0.0,0.0,3456919.0,0.0,2193541.8076086957
IM5,174.00038976,174.00038976,0.0,0.0,0.0,0.0,0.0,0.0,0.0,0.0,0.0,0.0,0.0,275000.0,0.0,0.005,2230002.0,11461.192391304348,0.0,0.0,2641920.1,0.0,2218540.8076086957
Priceonomics,739.00165536,739.00165536,43.0,1.0,10.0,0.0,0.0,0.0,0.0,258.0,6.0,0.0,0.0,556666.6666666666,0.0,0.005,2345001.3,11461.192391304348,0.0,0.0,3145001.0,0.0,2333540.1076086955
ProductGram,284.00063616,284.00063616,0.0,0.0,0.0,0.0,0.0,0.0,0.0,0.0,0.0,0.0,0.0,100000.0,0.0,0.005,2475001.0,11461.192391304348,0.0,0.0,4252877.0,0.0,2463539.8076086957
Credii,284.00063616,284.00063616,0.0,0.0,0.0,0.0,0.0,0.0,0.0,0.0,0.0,0.0,0.0,50000.0,0.0,0.005,2475001.0,11461.192391304348,0.0,0.0,5081918.0,0.0,2463539.8076086957
Dealflicks,284.00063616,284.00063616,0.0,0.0,0.0,0.0,0.0,0.0,0.0,0.0,0.0,0.0,0.0,1.0,0.0,0.005,2480000.0,11461.192391304348,0.0,0.0,4681918.0,0.0,2468538.8076086957
Provender,240.0005376,240.0005376,0.0,0.0,0.0,0.0,0.0,0.0,0.0,0.0,0.0,0.0,0.0,100000.0,0.0,0.1,2523001.0,11461.192391304348,0.0,0.0,3666918.0,0.0,2511539.8076086957
Fligoo,251.00056224,251.00056224,0.0,0.0,0.0,0.0,0.0,0.0,0.0,0.0,0.0,0.0,0.0,118333.33333333333,0.0,0.005,2523001.0,11461.192391304348,0.0,0.0,3586918.0,0.0,2511539.8076086957
Padlet,253.00056672,253.00056672,0.0,0.0,0.0,0.0,0.0,0.0,0.0,0.0,0.0,0.0,0.0,1.0,0.0,0.005,2528000.0,11461.192391304348,0.0,0.0,4215959.0,0.0,2516538.8076086957
PriceBaba,271.00060704,271.00060704,0.0,0.0,0.0,0.0,0.0,0.0,0.0,0.0,0.0,0.0,0.0,1.0,0.0,0.005,2528000.0,11461.192391304348,0.0,0.0,4681918.0,0.0,2516538.8076086957
Binpress,261.50058576000004,261.50058576000004,0.0,0.0,0.0,0.0,0.0,0.0,0.0,0.0,0.0,0.0,0.0,25000.5,0.0,0.005,2578000.0,11461.192391304348,0.0,0.0,4415959.0,0.0,2566538.8076086957
Admittedly,251.00056224,251.00056224,0.0,0.0,0.0,0.0,0.0,0.0,0.0,0.0,0.0,0.0,0.0,40000.0,0.0,0.005,2603001.0,11461.192391304348,0.0,0.0,4415959.0,0.0,2591539.8076086957
Nutmeg Education,251.00056224,251.00056224,0.0,0.0,0.0,0.0,0.0,0.0,0.0,0.0,0.0,0.0,0.0,40000.0,0.0,0.005,2603001.0,11461.192391304348,0.0,0.0,4415959.0,0.0,2591539.8076086957
Reaction,211.00047264,211.00047264,161.0,1.0,7.0,0.0,0.0,0.0,0.0,161.0,1.0,0.0,0.0,60000.0,0.0,0.005,2620959.0,11461.192391304348,0.0,0.0,3555960.0,0.0,2609497.8076086957
Earbits,968.0021683199999,968.0021683199999,152.0,1.0,9.0,0.0,0.0,0.6666666666666666,6.0,456.0,3.0,0.0,2.0,605000.0,0.0,0.1,2635000.4,11461.192391304348,0.0,0.0,4690001.0,0.0,2623539.2076086956
Compilr,944.00211456,944.00211456,0.0,0.0,0.0,0.0,0.0,0.0,0.0,0.0,0.0,0.0,0.0,1.0,0.0,0.005,2640000.1,11461.192391304348,0.0,0.0,2350959.0,0.0,2628538.907608696
Custora,950.5021291200001,950.5021291200001,0.0,0.0,0.0,0.0,0.0,0.0,0.0,0.0,0.0,0.0,0.0,1.0,0.0,0.005,2640000.1,11461.192391304348,0.0,0.0,2350959.0,0.0,2628538.907608696
Culture Kitchen,976.00218624,976.00218624,0.0,0.0,0.0,0.0,0.0,0.0,0.0,0.0,0.0,0.0,0.0,1.0,0.0,0.005,2640000.1,11461.192391304348,0.0,0.0,2380959.0,0.0,2628538.907608696
Pipette,984.00220416,984.00220416,0.0,0.0,0.0,0.0,0.0,0.0,0.0,0.0,0.0,0.0,0.0,1.0,0.0,0.005,2640000.1,11461.192391304348,0.0,0.0,2380959.0,0.0,2628538.907608696
Inhabi,984.00220416,984.00220416,0.0,0.0,0.0,0.0,0.0,0.0,0.0,0.0,0.0,0.0,0.0,14000.0,0.0,0.005,2640000.1,11461.192391304348,0.0,0.0,2850959.0,0.0,2628538.907608696
Murfie,747.00167328,747.00167328,0.0,0.0,0.0,0.0,0.0,0.0,0.0,0.0,0.0,0.0,0.0,1.0,0.0,0.005,2647500.0,11461.192391304348,0.0,0.0,2840959.0,0.0,2636038.8076086957
Canary Calendar,747.00167328,747.00167328,0.0,0.0,0.0,0.0,0.0,0.0,0.0,0.0,0.0,0.0,0.0,1.0,0.0,0.005,2647500.0,11461.192391304348,0.0,0.0,2840959.0,0.0,2636038.8076086957
GoChime,831.00186144,831.00186144,0.0,0.0,0.0,0.0,0.0,0.0,0.0,0.0,0.0,0.0,0.0,1.0,0.0,0.005,2740000.1,11461.192391304348,0.0,0.0,2230959.0,0.0,2728538.907608696
Campalyst,819.00183456,819.00183456,0.0,0.0,0.0,0.0,0.0,0.0,0.0,0.0,0.0,0.0,0.0,1.0,0.0,0.005,2740000.1,11461.192391304348,0.0,0.0,2230959.0,0.0,2728538.907608696
Fileboard,853.00191072,853.00191072,0.0,0.0,0.0,0.0,0.0,0.0,0.0,0.0,0.0,0.0,0.0,1.0,0.0,0.005,2740000.1,11461.192391304348,0.0,0.0,2250959.0,0.0,2728538.907608696
Fieldwire,284.00063616,284.00063616,122.25,1.0,7.0,0.0,0.0,0.0,0.0,489.0,4.0,0.0,0.0,1.0,0.0,0.005,2747001.0,11461.192391304348,0.0,0.0,4576919.0,0.0,2735539.8076086957
Docphin,641.00143584,641.00143584,73.66666666666667,1.0,8.0,0.0,0.0,0.0,0.0,442.0,6.0,0.0,0.0,500000.5,0.0,0.1,2825001.3,11461.192391304348,0.0,0.0,2870002.2,0.0,2813540.1076086955
REPP,288.00064512,288.00064512,0.0,0.0,0.0,0.0,0.0,0.0,0.0,0.0,0.0,0.0,0.0,152500.0,0.0,0.005,2870960.0,11461.192391304348,0.0,0.0,4182877.0,0.0,2859498.8076086957
Yardsale,922.00206528,922.00206528,56.0,1.0,10.0,0.0,0.0,0.0,0.0,112.0,2.0,0.0,0.0,1.0,0.0,0.005,2890000.1,11461.192391304348,0.0,0.0,2785960.0,0.0,2878538.907608696
Snapjoy,984.00220416,984.00220416,53.5,1.0,8.0,0.0,0.0,0.0,0.0,107.0,2.0,0.0,0.0,1.0,0.0,0.005,2890000.1,11461.192391304348,0.0,0.0,2815960.0,0.0,2878538.907608696
Lively,178.00039872,178.00039872,171.66666666666666,0.6666666666666666,3.3333333333333335,1.0,8.0,0.0,0.0,515.0,2.0,3.0,0.0,500000.0,0.0,0.005,2895001.1,11461.192391304348,0.0,0.0,1575001.2,0.0,2883539.907608696
Sverve,215.0004816,215.0004816,0.0,0.0,0.0,0.0,0.0,0.0,0.0,0.0,0.0,0.0,0.0,217500.5,0.0,0.005,2900002.0,11461.192391304348,0.0,0.0,4651918.0,0.0,2888540.8076086957
LetsWombat,762.00170688,762.00170688,0.0,0.0,0.0,0.0,0.0,0.0,0.0,0.0,0.0,0.0,0.0,25000.0,0.0,0.005,2997500.0,11461.192391304348,0.0,0.0,3510959.0,0.0,2986038.8076086957
Wizpert,762.00170688,762.00170688,0.0,0.0,0.0,0.0,0.0,0.0,0.0,0.0,0.0,0.0,0.0,25000.0,0.0,0.005,2997500.0,11461.192391304348,0.0,0.0,3510959.0,0.0,2986038.8076086957
Pictorious,762.00170688,762.00170688,0.0,0.0,0.0,0.0,0.0,0.0,0.0,0.0,0.0,0.0,0.0,25000.0,0.0,0.005,2997500.0,11461.192391304348,0.0,0.0,3510959.0,0.0,2986038.8076086957
CitalDoc,763.00170912,763.00170912,0.0,0.0,0.0,0.0,0.0,0.0,0.0,0.0,0.0,0.0,0.0,25000.0,0.0,0.005,2997500.0,11461.192391304348,0.0,0.0,3510959.0,0.0,2986038.8076086957
Pharmly,243.00054432,243.00054432,56.5,1.0,5.0,0.0,0.0,0.0,0.0,113.0,2.0,0.0,0.0,20000.0,0.0,0.005,3020000.0,11461.192391304348,0.0,0.0,4285961.0,0.0,3008538.8076086957
Shoplins,765.0017136,765.0017136,0.0,0.0,0.0,0.0,0.0,0.0,0.0,0.0,0.0,0.0,0.0,50000.0,0.0,0.005,3022501.0,11461.192391304348,0.0,0.0,4090959.0,0.0,3011039.8076086957
Starbates,726.00162624,726.00162624,0.0,0.0,0.0,0.0,0.0,0.0,0.0,0.0,0.0,0.0,0.0,20000.0,0.0,0.005,3027500.0,11461.192391304348,0.0,0.0,3800959.0,0.0,3016038.8076086957
Tred,740.0016576,740.0016576,0.0,0.0,0.0,0.0,0.0,0.0,0.0,0.0,0.0,0.0,0.0,50000.5,0.0,0.005,3052501.0,11461.192391304348,0.0,0.0,4110959.0,0.0,3041039.8076086957
Poq Studio,770.0017248,770.0017248,0.0,0.0,0.0,0.0,0.0,0.0,0.0,0.0,0.0,0.0,0.0,1.0,0.0,0.005,3077500.0,11461.192391304348,0.0,0.0,2440959.0,0.0,3066038.8076086957
ViFlux,710.0015904,710.0015904,0.0,0.0,0.0,0.0,0.0,0.0,0.0,0.0,0.0,0.0,0.0,25000.0,0.0,0.005,3077500.0,11461.192391304348,0.0,0.0,4230959.0,0.0,3066038.8076086957
WooWho,770.0017248,770.0017248,0.0,0.0,0.0,0.0,0.0,0.0,0.0,0.0,0.0,0.0,0.0,1.0,0.0,0.005,3077500.0,11461.192391304348,0.0,0.0,2440959.0,0.0,3066038.8076086957
SERPs,710.0015904,710.0015904,0.0,0.0,0.0,0.0,0.0,0.0,0.0,0.0,0.0,0.0,0.0,25000.0,0.0,0.005,3077500.0,11461.192391304348,0.0,0.0,4230959.0,0.0,3066038.8076086957
The Whoot,770.0017248,770.0017248,0.0,0.0,0.0,0.0,0.0,0.0,0.0,0.0,0.0,0.0,0.0,1.0,0.0,0.005,3077500.0,11461.192391304348,0.0,0.0,2440959.0,0.0,3066038.8076086957
ClrTouch,892.00199808,892.00199808,0.0,0.0,0.0,0.0,0.0,0.0,0.0,0.0,0.0,0.0,0.0,20000.0,0.0,0.005,3090000.1,11461.192391304348,0.0,0.0,2940959.0,0.0,3078538.907608696
CloudMine,892.00199808,892.00199808,0.0,0.0,0.0,0.0,0.0,0.0,0.0,0.0,0.0,0.0,0.0,20000.0,0.0,0.005,3090000.1,11461.192391304348,0.0,0.0,2940959.0,0.0,3078538.907608696
N4MD,878.00196672,878.00196672,0.0,0.0,0.0,0.0,0.0,0.0,0.0,0.0,0.0,0.0,0.0,25000.0,0.0,0.005,3100000.1,11461.192391304348,0.0,0.0,2870959.0,0.0,3088538.907608696
Farmeron,788.66843328,788.66843328,0.0,0.0,0.0,0.0,0.0,0.0,0.0,0.0,0.0,0.0,0.0,466667.3333333333,0.0,0.005,3100000.1,11461.192391304348,0.0,0.0,2970959.3,0.0,3088538.907608696
The Tap Lab,786.00176064,786.00176064,0.0,0.0,0.0,0.0,0.0,0.0,0.0,0.0,0.0,0.0,0.0,506000.0,0.0,0.005,3100000.1,11461.192391304348,0.0,0.0,4970959.2,0.0,3088538.907608696
Mineful,870.0019488,870.0019488,0.0,0.0,0.0,0.0,0.0,0.0,0.0,0.0,0.0,0.0,0.0,25000.0,0.0,0.005,3100000.1,11461.192391304348,0.0,0.0,2870959.0,0.0,3088538.907608696
Leaky,922.00206528,922.00206528,32.666666666666664,1.6666666666666667,12.666666666666666,0.0,0.0,0.0,0.0,98.0,5.0,0.0,0.0,1.0,0.0,0.005,3125000.1,11461.192391304348,0.0,0.0,4055001.0,0.0,3113538.907608696
t-Art,698.00156352,698.00156352,0.0,0.0,0.0,0.0,0.0,0.0,0.0,0.0,0.0,0.0,0.0,25000.0,0.0,0.005,3137500.0,11461.192391304348,0.0,0.0,4230959.0,0.0,3126038.8076086957
Gliph,293.25065688,293.25065688,0.0,0.0,0.0,0.0,0.0,0.0,0.0,0.0,0.0,0.0,0.0,92000.0,0.0,0.005,3140001.0,11461.192391304348,0.0,0.0,4672877.0,0.0,3128539.8076086957
Aurality,692.00155008,692.00155008,139.5,2.0,10.5,0.0,0.0,0.0,0.0,279.0,4.0,0.0,0.0,300000.0,0.0,0.1,3140959.2,11461.192391304348,0.0,0.0,4275001.2,0.0,3129498.007608696
ooomf,288.50064624,288.50064624,179.75,1.25,8.0,0.0,0.0,0.0,0.0,1438.0,10.0,0.0,0.0,250000.5,0.0,0.005,3150960.1,11461.192391304348,0.0,0.0,4740959.1,0.0,3139498.907608696
Fontacto,679.00152096,679.00152096,0.0,0.0,0.0,0.0,0.0,0.0,0.0,0.0,0.0,0.0,0.0,1.0,0.0,0.005,3177500.0,11461.192391304348,0.0,0.0,3010959.0,0.0,3166038.8076086957
Sitesimon,979.00219296,979.00219296,0.0,0.0,0.0,0.0,0.0,0.0,0.0,0.0,0.0,0.0,0.0,25000.0,0.0,0.005,3190000.1,11461.192391304348,0.0,0.0,2970959.0,0.0,3178538.907608696
Homeschool Snowboarding,825.001848,825.001848,0.0,0.0,0.0,0.0,0.0,0.0,0.0,0.0,0.0,0.0,0.0,25000.0,0.0,0.005,3190000.1,11461.192391304348,0.0,0.0,2850959.0,0.0,3178538.907608696
Hively,828.00185472,828.00185472,0.0,0.0,0.0,0.0,0.0,0.0,0.0,0.0,0.0,0.0,0.0,25000.0,0.0,0.005,3190000.1,11461.192391304348,0.0,0.0,2850959.0,0.0,3178538.907608696
LaunchSide,827.00185248,827.00185248,0.0,0.0,0.0,0.0,0.0,0.0,0.0,0.0,0.0,0.0,0.0,25000.0,0.0,0.005,3190000.1,11461.192391304348,0.0,0.0,2850959.0,0.0,3178538.907608696
UsherBuddy,984.00220416,984.00220416,0.0,0.0,0.0,0.0,0.0,0.0,0.0,0.0,0.0,0.0,0.0,20000.0,0.0,0.005,3190000.1,11461.192391304348,0.0,0.0,2970959.0,0.0,3178538.907608696
GroovinAds,923.00206752,923.00206752,0.0,0.0,0.0,0.0,0.0,0.0,0.0,0.0,0.0,0.0,0.0,25000.0,0.0,0.005,3190000.1,11461.192391304348,0.0,0.0,2940959.0,0.0,3178538.907608696
MoPix,862.00193088,862.00193088,0.0,0.0,0.0,0.0,0.0,0.0,0.0,0.0,0.0,0.0,0.0,34000.0,0.0,0.005,3190000.1,11461.192391304348,0.0,0.0,2870959.0,0.0,3178538.907608696
BuildingLayer,984.00220416,984.00220416,0.0,0.0,0.0,0.0,0.0,0.0,0.0,0.0,0.0,0.0,0.0,20000.0,0.0,0.005,3190000.1,11461.192391304348,0.0,0.0,2970959.0,0.0,3178538.907608696
Vayable,790.0017696,790.0017696,658.0,1.0,10.0,0.0,0.0,0.0,0.0,658.0,1.0,0.0,0.0,1.0,0.0,0.005,3200000.0,11461.192391304348,0.0,0.0,4065960.0,0.0,3188538.8076086957
Campus Shift,649.00145376,649.00145376,0.0,0.0,0.0,0.0,0.0,0.0,0.0,0.0,0.0,0.0,0.0,15000.0,0.0,0.005,3200000.0,11461.192391304348,0.0,0.0,4250959.0,0.0,3188538.8076086957
Bilbus,954.00213696,954.00213696,0.0,0.0,0.0,0.0,0.0,0.0,0.0,0.0,0.0,0.0,0.0,50000.0,0.0,0.005,3240000.1,11461.192391304348,0.0,0.0,3320959.0,0.0,3228538.907608696
Keepio,923.00206752,923.00206752,0.0,0.0,0.0,0.0,0.0,0.0,0.0,0.0,0.0,0.0,0.0,255000.0,0.0,0.005,3245000.1,11461.192391304348,0.0,0.0,3470959.1,0.0,3233538.907608696
Holvi,923.00206752,923.00206752,0.0,0.0,0.0,0.0,0.0,0.0,0.0,0.0,0.0,0.0,0.0,250000.0,0.0,0.005,3245000.1,11461.192391304348,0.0,0.0,3690959.0,0.0,3233538.907608696
RentShare,954.00213696,954.00213696,0.0,0.0,0.0,0.0,0.0,0.0,0.0,0.0,0.0,0.0,0.0,305000.0,0.0,0.005,3245000.1,11461.192391304348,0.0,0.0,3540959.2,0.0,3233538.907608696
Rewardli,946.00211904,946.00211904,0.0,0.0,0.0,0.0,0.0,0.0,0.0,0.0,0.0,0.0,0.0,307500.0,0.0,0.005,3245000.1,11461.192391304348,0.0,0.0,3540959.2,0.0,3233538.907608696
Nutrino,679.00152096,679.00152096,0.0,0.0,0.0,0.0,0.0,0.0,0.0,0.0,0.0,0.0,0.0,400000.0,0.0,0.005,3270001.0,11461.192391304348,0.0,0.0,3450959.2,0.0,3258539.8076086957
MFive Labs (Listn),96.00021504,96.00021504,0.0,0.0,0.0,0.0,0.0,0.0,0.0,0.0,0.0,0.0,0.0,500000.0,0.0,0.1,3275003.0,11461.192391304348,0.0,0.0,2800961.1,0.0,3263541.8076086957
Badgy,578.00129472,578.00129472,0.0,0.0,0.0,0.0,0.0,0.0,0.0,0.0,0.0,0.0,0.0,350000.0,0.0,0.005,3300001.0,11461.192391304348,0.0,0.0,3850959.2,0.0,3288539.8076086957
BuzzTable,562.00125888,562.00125888,0.0,0.0,0.0,0.0,0.0,0.0,0.0,0.0,0.0,0.0,0.0,341667.0,0.0,0.005,3300001.0,11461.192391304348,0.0,0.0,3850959.2,0.0,3288539.8076086957
iMedicare,155.0003472,155.0003472,0.0,0.0,0.0,0.0,0.0,0.0,0.0,0.0,0.0,0.0,0.0,400000.0,0.0,0.005,3300002.0,11461.192391304348,0.0,0.0,2556921.1,0.0,3288540.8076086957
RadPad,175.000392,175.000392,0.0,0.0,0.0,0.0,0.0,0.0,0.0,0.0,0.0,0.0,0.0,500000.0,0.0,0.1,3300002.0,11461.192391304348,0.0,0.0,2800961.1,0.0,3288540.8076086957
DataRank,170.66704896,170.66704896,0.0,0.0,0.0,0.0,0.0,0.0,0.0,0.0,0.0,0.0,0.0,466667.3333333333,0.0,0.2,3300002.0,11461.192391304348,0.0,0.0,2800961.1,0.0,3288540.8076086957
Sush.io,290.0006496,290.0006496,0.0,0.0,0.0,0.0,0.0,0.0,0.0,0.0,0.0,0.0,0.0,325000.0,0.0,0.005,3305961.0,11461.192391304348,0.0,0.0,4017878.1,0.0,3294499.8076086957
Memetales,856.00191744,856.00191744,0.0,0.0,0.0,0.0,0.0,0.0,0.0,0.0,0.0,0.0,0.0,100000.0,0.0,0.005,3310000.1,11461.192391304348,0.0,0.0,3200959.0,0.0,3298538.907608696
HighScore House,940.0021056,940.0021056,0.0,0.0,0.0,0.0,0.0,0.0,0.0,0.0,0.0,0.0,0.0,142500.0,0.0,0.005,3310000.1,11461.192391304348,0.0,0.0,3290959.0,0.0,3298538.907608696
PageLever,922.00206528,922.00206528,383.5,1.5,12.5,0.0,0.0,0.0,0.0,767.0,3.0,0.0,0.0,1.0,0.0,0.005,3380000.0,11461.192391304348,0.0,0.0,4235001.0,0.0,3368538.8076086957
Zagster,747.00167328,747.00167328,0.0,0.0,0.0,0.0,0.0,0.0,0.0,0.0,0.0,0.0,0.0,118000.0,0.0,0.005,3385001.0,11461.192391304348,0.0,0.0,4510959.0,0.0,3373539.8076086957
iCouch,770.0017248,770.0017248,0.0,0.0,0.0,0.0,0.0,0.0,0.0,0.0,0.0,0.0,0.0,20000.0,0.0,0.005,3427500.0,11461.192391304348,0.0,0.0,3510959.0,0.0,3416038.8076086957
Populy Games,770.0017248,770.0017248,0.0,0.0,0.0,0.0,0.0,0.0,0.0,0.0,0.0,0.0,0.0,25000.0,0.0,0.005,3427500.0,11461.192391304348,0.0,0.0,3510959.0,0.0,3416038.8076086957
Sessions,770.0017248,770.0017248,0.0,0.0,0.0,0.0,0.0,0.0,0.0,0.0,0.0,0.0,0.0,20000.0,0.0,0.005,3427500.0,11461.192391304348,0.0,0.0,3510959.0,0.0,3416038.8076086957
Corengi,774.00173376,774.00173376,0.0,0.0,0.0,0.0,0.0,0.0,0.0,0.0,0.0,0.0,0.0,45000.0,0.0,0.005,3452501.0,11461.192391304348,0.0,0.0,4090959.0,0.0,3441039.8076086957
LocalBonus,659.00147616,659.00147616,0.0,0.0,0.0,0.0,0.0,0.0,0.0,0.0,0.0,0.0,0.0,462500.0,0.0,0.005,3455001.0,11461.192391304348,0.0,0.0,3420959.3,0.0,3443539.8076086957
Gizmo.com,831.00186144,831.00186144,0.0,0.0,0.0,0.0,0.0,0.0,0.0,0.0,0.0,0.0,0.0,340000.0,0.0,0.005,3470000.1,11461.192391304348,0.0,0.0,2870959.2,0.0,3458538.907608696
MobileWorks,984.00220416,984.00220416,52.333333333333336,1.0,9.0,0.0,0.0,0.0,0.0,157.0,3.0,0.0,0.0,1.0,0.0,0.005,3500959.0,11461.192391304348,0.0,0.0,3636919.0,0.0,3489497.8076086957
Noom,892.5019992,892.5019992,67.0,1.0,7.0,0.0,0.0,0.0,0.0,134.0,2.0,0.0,0.0,1.0,0.0,0.005,3500959.0,11461.192391304348,0.0,0.0,3246919.0,0.0,3489497.8076086957
Stamplay,344.50077168,344.50077168,0.0,0.0,0.0,0.0,0.0,0.0,0.0,0.0,0.0,0.0,0.0,98889.0,0.0,0.005,3510001.0,11461.192391304348,0.0,0.0,3912877.0,0.0,3498539.8076086957
coUrbanize,349.00078176,349.00078176,0.0,0.0,0.0,0.0,0.0,0.0,0.0,0.0,0.0,0.0,0.0,118000.0,0.0,0.005,3510001.0,11461.192391304348,0.0,0.0,3912877.0,0.0,3498539.8076086957
ZoomTilt,346.00077504,346.00077504,0.0,0.0,0.0,0.0,0.0,0.0,0.0,0.0,0.0,0.0,0.0,88000.0,0.0,0.005,3510001.0,11461.192391304348,0.0,0.0,3901918.0,0.0,3498539.8076086957
Shopsy,319.00071456,319.00071456,0.0,0.0,0.0,0.0,0.0,0.0,0.0,0.0,0.0,0.0,0.0,100000.0,0.0,0.005,3510001.0,11461.192391304348,0.0,0.0,4252877.0,0.0,3498539.8076086957
Recroup,352.00078848,352.00078848,0.0,0.0,0.0,0.0,0.0,0.0,0.0,0.0,0.0,0.0,0.0,60000.0,0.0,0.005,3510001.0,11461.192391304348,0.0,0.0,4641918.0,0.0,3498539.8076086957
MiCarga,345.0007728,345.0007728,0.0,0.0,0.0,0.0,0.0,0.0,0.0,0.0,0.0,0.0,0.0,47500.0,0.0,0.005,3510001.0,11461.192391304348,0.0,0.0,4741918.0,0.0,3498539.8076086957
BitGym,877.00196448,877.00196448,72.66666666666667,1.0,8.0,0.0,0.0,0.0,0.0,436.0,6.0,0.0,0.0,1.0,0.0,0.1,3540000.0,11461.192391304348,0.0,0.0,4375001.0,0.0,3528538.8076086957
Nveloped,557.00124768,557.00124768,0.0,0.0,0.0,0.0,0.0,0.0,0.0,0.0,0.0,0.0,0.0,1.0,0.0,0.005,3560000.0,11461.192391304348,0.0,0.0,3900959.0,0.0,3548538.8076086957
Leanplum,557.00124768,557.00124768,0.0,0.0,0.0,0.0,0.0,0.0,0.0,0.0,0.0,0.0,0.0,1.0,0.0,0.005,3560000.0,11461.192391304348,0.0,0.0,3900959.0,0.0,3548538.8076086957
Psykosoft,669.50149968,669.50149968,103.0,1.0,8.0,0.0,0.0,0.0,0.0,412.0,4.0,0.0,0.0,309000.0,0.0,0.005,3570959.2,11461.192391304348,0.0,0.0,3075001.2,0.0,3559498.007608696
Properati,324.50072688,324.50072688,0.0,0.0,0.0,0.0,0.0,0.0,0.0,0.0,0.0,0.0,0.0,12500.5,0.0,0.005,3590000.0,11461.192391304348,0.0,0.0,5181918.0,0.0,3578538.8076086957
Neurala,349.00078176,349.00078176,0.0,0.0,0.0,0.0,0.0,0.0,0.0,0.0,0.0,0.0,0.0,1.0,0.0,0.005,3590000.0,11461.192391304348,0.0,0.0,4421918.0,0.0,3578538.8076086957
DoorDash,345.0007728,345.0007728,0.0,0.0,0.0,0.0,0.0,0.0,0.0,0.0,0.0,0.0,0.0,1.0,0.0,0.005,3590000.0,11461.192391304348,0.0,0.0,4421918.0,0.0,3578538.8076086957
SocStock,588.00131712,588.00131712,0.0,0.0,0.0,0.0,0.0,0.0,0.0,0.0,0.0,0.0,0.0,1.0,0.0,0.005,3600000.0,11461.192391304348,0.0,0.0,3780959.0,0.0,3588538.8076086957
Motion Dispatch,587.00131488,587.00131488,0.0,0.0,0.0,0.0,0.0,0.0,0.0,0.0,0.0,0.0,0.0,1.0,0.0,0.005,3600000.0,11461.192391304348,0.0,0.0,3780959.0,0.0,3588538.8076086957
Invested.in,633.00141792,633.00141792,0.0,0.0,0.0,0.0,0.0,0.0,0.0,0.0,0.0,0.0,0.0,437500.0,0.0,0.2,3605001.0,11461.192391304348,0.0,0.0,3450959.2,0.0,3593539.8076086957
Rentlord,881.00197344,881.00197344,181.0,1.0,7.0,0.0,0.0,0.0,0.0,181.0,1.0,0.0,0.0,1.0,0.0,0.005,3610959.0,11461.192391304348,0.0,0.0,3496919.0,0.0,3599497.8076086957
adFreeq,325.000728,325.000728,0.0,0.0,0.0,0.0,0.0,0.0,0.0,0.0,0.0,0.0,0.0,139000.0,0.0,0.005,3610960.0,11461.192391304348,0.0,0.0,4182877.0,0.0,3599498.8076086957
Glassmap,922.00206528,922.00206528,68.0,0.6666666666666666,4.666666666666667,0.0,0.0,0.0,0.0,204.0,2.0,0.0,0.0,1.0,0.0,0.005,3640000.0,11461.192391304348,0.0,0.0,3321918.0,0.0,3628538.8076086957
VONTRIP,346.00077504,346.00077504,0.0,0.0,0.0,0.0,0.0,0.0,0.0,0.0,0.0,0.0,0.0,25000.0,0.0,0.005,3640000.0,11461.192391304348,0.0,0.0,4741918.0,0.0,3628538.8076086957
Eventcheq,346.00077504,346.00077504,0.0,0.0,0.0,0.0,0.0,0.0,0.0,0.0,0.0,0.0,0.0,20000.0,0.0,0.005,3640000.0,11461.192391304348,0.0,0.0,4741918.0,0.0,3628538.8076086957
TheFanLeague,345.0007728,345.0007728,0.0,0.0,0.0,0.0,0.0,0.0,0.0,0.0,0.0,0.0,0.0,25000.0,0.0,0.005,3640000.0,11461.192391304348,0.0,0.0,4741918.0,0.0,3628538.8076086957
Tealet,334.00074816,334.00074816,0.0,0.0,0.0,0.0,0.0,0.0,0.0,0.0,0.0,0.0,0.0,20000.0,0.0,0.005,3640000.0,11461.192391304348,0.0,0.0,5081918.0,0.0,3628538.8076086957
GroupTalent,595.50133392,595.50133392,0.0,0.0,0.0,0.0,0.0,0.0,0.0,0.0,0.0,0.0,0.0,500000.5,0.0,0.005,3655001.0,11461.192391304348,0.0,0.0,4850959.3,0.0,3643539.8076086957
Transit App,300.000672,300.000672,0.0,0.0,0.0,0.0,0.0,0.0,0.0,0.0,0.0,0.0,0.0,50000.0,0.0,0.005,3660001.0,11461.192391304348,0.0,0.0,5081918.0,0.0,3648539.8076086957
Now In Store,300.000672,300.000672,0.0,0.0,0.0,0.0,0.0,0.0,0.0,0.0,0.0,0.0,0.0,50000.0,0.0,0.005,3660001.0,11461.192391304348,0.0,0.0,5081918.0,0.0,3648539.8076086957
Swift Identity,300.000672,300.000672,0.0,0.0,0.0,0.0,0.0,0.0,0.0,0.0,0.0,0.0,0.0,50000.0,0.0,0.005,3660001.0,11461.192391304348,0.0,0.0,5081918.0,0.0,3648539.8076086957
LookUP,689.00154336,689.00154336,0.0,0.0,0.0,0.0,0.0,0.0,0.0,0.0,0.0,0.0,0.0,25000.0,0.0,0.005,3667500.0,11461.192391304348,0.0,0.0,4130959.0,0.0,3656038.8076086957
femeninas,345.0007728,345.0007728,52.0,1.0,6.0,0.0,0.0,0.0,0.0,104.0,2.0,0.0,0.0,25000.0,0.0,0.1,3682000.0,11461.192391304348,0.0,0.0,4581920.0,0.0,3670538.8076086957
Blossom,685.0015344,685.0015344,0.0,0.0,0.0,0.0,0.0,0.0,0.0,0.0,0.0,0.0,0.0,40000.0,0.0,0.005,3692501.0,11461.192391304348,0.0,0.0,4440959.0,0.0,3681039.8076086957
Ordr.in,773.0017315199999,773.0017315199999,0.0,0.0,0.0,0.0,0.0,0.0,0.0,0.0,0.0,0.0,0.0,322666.6666666667,0.0,0.005,3715001.0,11461.192391304348,0.0,0.0,2920959.2,0.0,3703539.8076086957
Fitocracy,892.00199808,892.00199808,438.5,1.0,8.0,0.0,0.0,0.0,0.0,877.0,2.0,0.0,0.0,250000.0,0.0,0.005,3735000.1,11461.192391304348,0.0,0.0,4716919.1,0.0,3723538.907608696
Bombfell,520.0011648,520.0011648,0.0,0.0,0.0,0.0,0.0,0.0,0.0,0.0,0.0,0.0,0.0,365000.5,0.0,0.005,3758471.1,11461.192391304348,0.0,0.0,4220959.2,0.0,3747009.907608696
Qwiqq,735.33498048,735.33498048,0.0,0.0,0.0,0.0,0.0,0.0,0.0,0.0,0.0,0.0,0.0,236666.66666666666,0.0,0.005,3785001.0,11461.192391304348,0.0,0.0,3200959.0,0.0,3773539.8076086957
BugHerd,746.00167104,746.00167104,0.0,0.0,0.0,0.0,0.0,0.0,0.0,0.0,0.0,0.0,0.0,550000.0,0.0,0.005,3795000.0,11461.192391304348,0.0,0.0,7410000.2,0.0,3783538.8076086957
Promoboxx,749.00167776,749.00167776,0.0,0.0,0.0,0.0,0.0,0.0,0.0,0.0,0.0,0.0,0.0,562000.0,0.0,0.1,3795000.0,11461.192391304348,0.0,0.0,7410000.2,0.0,3783538.8076086957
iCracked,670.0015008,670.0015008,85.0,1.0,10.0,0.0,0.0,0.0,0.0,170.0,2.0,0.0,0.0,1.0,0.0,0.005,3812959.0,11461.192391304348,0.0,0.0,4046919.0,0.0,3801497.8076086957
Nitrogram,661.00148064,661.00148064,0.0,0.0,0.0,0.0,0.0,0.0,0.0,0.0,0.0,0.0,0.0,525000.0,0.0,0.005,3825000.0,11461.192391304348,0.0,0.0,5120959.2,0.0,3813538.8076086957
Click With Me Now,542.5012152,542.5012152,0.0,0.0,0.0,0.0,0.0,0.0,0.0,0.0,0.0,0.0,0.0,400000.0,0.0,0.005,3833471.1,11461.192391304348,0.0,0.0,3920959.2,0.0,3822009.907608696
Urtak,857.00191968,857.00191968,0.0,0.0,0.0,0.0,0.0,0.0,0.0,0.0,0.0,0.0,0.0,256000.0,0.0,0.005,3845000.1,11461.192391304348,0.0,0.0,2950959.1,0.0,3833538.907608696
Mobilligy,528.00118272,528.00118272,0.0,0.0,0.0,0.0,0.0,0.0,0.0,0.0,0.0,0.0,0.0,400000.0,0.0,0.005,3858471.1,11461.192391304348,0.0,0.0,3920959.2,0.0,3847009.907608696
ChickRx,771.00172704,771.00172704,132.5,1.0,8.0,0.0,0.0,0.0,0.0,530.0,4.0,0.0,0.0,10000.5,0.0,0.005,3860000.0,11461.192391304348,0.0,0.0,4225960.0,0.0,3848538.8076086957
Twitmusic,541.50121296,541.50121296,0.0,0.0,0.0,0.0,0.0,0.0,0.0,0.0,0.0,0.0,0.0,1.0,0.0,0.005,3860000.0,11461.192391304348,0.0,0.0,3900959.0,0.0,3848538.8076086957
Harry's,543.00121632,543.00121632,0.0,0.0,0.0,0.0,0.0,0.0,0.0,0.0,0.0,0.0,0.0,1.0,0.0,0.005,3860000.0,11461.192391304348,0.0,0.0,3900959.0,0.0,3848538.8076086957
Thryve,679.00152096,679.00152096,0.0,0.0,0.0,0.0,0.0,0.0,0.0,0.0,0.0,0.0,0.0,50000.0,0.0,0.005,3892501.0,11461.192391304348,0.0,0.0,4440959.0,0.0,3881039.8076086957
Thumbs Up,679.00152096,679.00152096,0.0,0.0,0.0,0.0,0.0,0.0,0.0,0.0,0.0,0.0,0.0,50000.0,0.0,0.005,3892501.0,11461.192391304348,0.0,0.0,4440959.0,0.0,3881039.8076086957
Antavo,674.00150976,674.00150976,0.0,0.0,0.0,0.0,0.0,0.0,0.0,0.0,0.0,0.0,0.0,50000.0,0.0,0.005,3915001.0,11461.192391304348,0.0,0.0,4440959.0,0.0,3903539.8076086957
Grassroots Unwired,619.00138656,619.00138656,0.0,0.0,0.0,0.0,0.0,0.0,0.0,0.0,0.0,0.0,0.0,600000.0,0.0,0.1,3925000.0,11461.192391304348,0.0,0.0,4250000.2,0.0,3913538.8076086957
Libboo,620.50138992,620.50138992,0.0,0.0,0.0,0.0,0.0,0.0,0.0,0.0,0.0,0.0,0.0,550000.5,0.0,0.005,3925000.0,11461.192391304348,0.0,0.0,3660000.2,0.0,3913538.8076086957
Ubersense,628.50140784,628.50140784,0.0,0.0,0.0,0.0,0.0,0.0,0.0,0.0,0.0,0.0,0.0,550000.5,0.0,0.1,3925000.0,11461.192391304348,0.0,0.0,3460000.2,0.0,3913538.8076086957
Zeppelin,557.00124768,557.00124768,0.0,0.0,0.0,0.0,0.0,0.0,0.0,0.0,0.0,0.0,0.0,118000.0,0.0,0.005,3945001.0,11461.192391304348,0.0,0.0,5740959.0,0.0,3933539.8076086957
Outline,251.00056224,251.00056224,0.0,0.0,0.0,0.0,0.0,0.0,0.0,0.0,0.0,0.0,0.0,425000.5,0.0,0.005,3948002.0,11461.192391304348,0.0,0.0,3851919.1,0.0,3936540.8076086957
Nommunity,678.00151872,678.00151872,0.0,0.0,0.0,0.0,0.0,0.0,0.0,0.0,0.0,0.0,0.0,25000.0,0.0,0.005,3957500.0,11461.192391304348,0.0,0.0,4130959.0,0.0,3946038.8076086957
Atticous,678.00151872,678.00151872,0.0,0.0,0.0,0.0,0.0,0.0,0.0,0.0,0.0,0.0,0.0,25000.0,0.0,0.005,3957500.0,11461.192391304348,0.0,0.0,4130959.0,0.0,3946038.8076086957
Mind FactoryAR,679.00152096,679.00152096,0.0,0.0,0.0,0.0,0.0,0.0,0.0,0.0,0.0,0.0,0.0,25000.0,0.0,0.005,3957500.0,11461.192391304348,0.0,0.0,4130959.0,0.0,3946038.8076086957
Teliportme,679.00152096,679.00152096,296.0,1.0,8.0,0.0,0.0,0.0,0.0,296.0,1.0,0.0,0.0,1.0,0.0,0.005,3960000.0,11461.192391304348,0.0,0.0,4105960.0,0.0,3948538.8076086957
Evisors,600.001344,600.001344,0.0,0.0,0.0,0.0,0.0,0.0,0.0,0.0,0.0,0.0,0.0,750000.0,0.0,0.1,3965000.0,11461.192391304348,0.0,0.0,5570000.2,0.0,3953538.8076086957
numberFire,872.5019543999999,872.5019543999999,0.0,0.0,0.0,0.0,0.0,0.0,0.0,0.0,0.0,0.0,0.0,387500.0,0.0,0.005,3970000.1,11461.192391304348,0.0,0.0,3000959.2,0.0,3958538.907608696
ShuttleCloud,841.00188384,841.00188384,0.0,0.0,0.0,0.0,0.0,0.0,0.0,0.0,0.0,0.0,0.0,349333.3333333333,0.0,0.005,3970000.1,11461.192391304348,0.0,0.0,2820959.2,0.0,3958538.907608696
Bazaart,636.00142464,636.00142464,0.0,0.0,0.0,0.0,0.0,0.0,0.0,0.0,0.0,0.0,0.0,25000.0,0.0,0.1,3980000.0,11461.192391304348,0.0,0.0,4400959.0,0.0,3968538.8076086957
Saborstudio,649.00145376,649.00145376,0.0,0.0,0.0,0.0,0.0,0.0,0.0,0.0,0.0,0.0,0.0,20000.0,0.0,0.005,3980000.0,11461.192391304348,0.0,0.0,4400959.0,0.0,3968538.8076086957
HazelMail,557.00124768,557.00124768,0.0,0.0,0.0,0.0,0.0,0.0,0.0,0.0,0.0,0.0,0.0,25000.0,0.0,0.005,4010000.0,11461.192391304348,0.0,0.0,5040959.0,0.0,3998538.8076086957
Presstler,557.00124768,557.00124768,0.0,0.0,0.0,0.0,0.0,0.0,0.0,0.0,0.0,0.0,0.0,25000.0,0.0,0.005,4010000.0,11461.192391304348,0.0,0.0,5040959.0,0.0,3998538.8076086957
WoowUp,557.00124768,557.00124768,0.0,0.0,0.0,0.0,0.0,0.0,0.0,0.0,0.0,0.0,0.0,25000.0,0.0,0.005,4010000.0,11461.192391304348,0.0,0.0,5040959.0,0.0,3998538.8076086957
Attender,557.00124768,557.00124768,0.0,0.0,0.0,0.0,0.0,0.0,0.0,0.0,0.0,0.0,0.0,25000.0,0.0,0.005,4010000.0,11461.192391304348,0.0,0.0,5040959.0,0.0,3998538.8076086957
Kwelia,885.0019824,885.0019824,84.66666666666667,1.0,6.0,0.0,0.0,0.0,0.0,254.0,3.0,0.0,0.0,20000.0,0.0,0.005,4020000.0,11461.192391304348,0.0,0.0,4165960.0,0.0,4008538.8076086957
PublicStuff,898.50201264,898.50201264,0.0,0.0,0.0,0.0,0.0,0.0,0.0,0.0,0.0,0.0,0.0,776068.0,0.0,0.005,4050000.0,11461.192391304348,0.0,0.0,2840000.2,0.0,4038538.8076086957
Statwing,557.00124768,557.00124768,95.0,1.0,9.0,0.0,0.0,0.0,0.0,380.0,4.0,0.0,0.0,1.0,0.0,0.005,4072000.0,11461.192391304348,0.0,0.0,4315960.0,0.0,4060538.8076086957
Zerply,649.00145376,649.00145376,0.0,0.0,0.0,0.0,0.0,0.0,0.0,0.0,0.0,0.0,0.0,600000.0,0.0,0.005,4075000.0,11461.192391304348,0.0,0.0,5750000.2,0.0,4063538.8076086957
CashBet,770.0017248,770.0017248,44.0,1.0,7.0,0.0,0.0,0.0,0.0,88.0,2.0,0.0,0.0,200000.0,0.0,0.005,4075001.1,11461.192391304348,0.0,0.0,4226919.0,0.0,4063539.907608696
CrowdHall,401.00089824,401.00089824,0.0,0.0,0.0,0.0,0.0,0.0,0.0,0.0,0.0,0.0,0.0,385000.0,0.0,0.1,4078471.1,11461.192391304348,0.0,0.0,4622877.1,0.0,4067009.907608696
121nexus,697.0015612799999,697.0015612799999,40.5,1.0,7.0,1.0,4.5,0.0,0.0,162.0,4.0,4.0,0.0,34500.0,0.0,0.005,4080959.0,11461.192391304348,0.0,0.0,5711918.0,0.0,4069497.8076086957
Off Track Planet,507.5011368,507.5011368,0.0,0.0,0.0,0.0,0.0,0.0,0.0,0.0,0.0,0.0,0.0,350000.0,0.0,0.005,4108471.1,11461.192391304348,0.0,0.0,4245959.2,0.0,4097009.907608696
Flipaste,557.00124768,557.00124768,12.0,1.0,5.0,0.0,0.0,0.0,0.0,12.0,1.0,0.0,0.0,25000.0,0.0,0.005,4122000.0,11461.192391304348,0.0,0.0,3600002.0,0.0,4110538.8076086957
Bespoke Post,688.66820928,688.66820928,0.0,0.0,0.0,0.0,0.0,0.0,0.0,0.0,0.0,0.0,0.0,291667.0,0.0,0.005,4135960.0,11461.192391304348,0.0,0.0,3220959.2,0.0,4124498.8076086957
Reclip.It,618.00138432,618.00138432,0.0,0.0,0.0,0.0,0.0,0.0,0.0,0.0,0.0,0.0,0.0,70000.0,0.0,0.005,4165001.0,11461.192391304348,0.0,0.0,4740959.0,0.0,4153539.8076086957
Preact,345.0007728,345.0007728,109.5,2.0,11.0,0.0,0.0,0.0,0.0,219.0,4.0,0.0,0.0,1.0,0.0,0.1,4172000.0,11461.192391304348,0.0,0.0,4721920.0,0.0,4160538.8076086957
Kippt,618.00138432,618.00138432,352.5,2.0,11.5,0.0,0.0,0.0,0.0,705.0,4.0,0.0,0.0,1.0,0.0,0.1,4210000.0,11461.192391304348,0.0,0.0,4245001.0,0.0,4198538.807608696
Sproutel,560.50125552,560.50125552,0.0,0.0,0.0,0.0,0.0,0.0,0.0,0.0,0.0,0.0,0.0,139000.0,0.0,0.005,4225001.0,11461.192391304348,0.0,0.0,5770959.0,0.0,4213539.807608696
Ninua,911.50204176,911.50204176,0.0,0.0,0.0,0.0,0.0,0.0,0.0,0.0,0.0,0.0,0.0,187500.0,0.0,0.1,4230000.1,11461.192391304348,0.0,0.0,5070959.0,0.0,4218538.907608695
Learnmetrics,361.00080864,361.00080864,0.0,0.0,0.0,0.0,0.0,0.0,0.0,0.0,0.0,0.0,0.0,100000.0,0.0,0.005,4240001.0,11461.192391304348,0.0,0.0,3912877.0,0.0,4228539.807608696
Dropifi,535.0011984,535.0011984,0.0,0.0,0.0,0.0,0.0,0.0,0.0,0.0,0.0,0.0,0.0,50000.0,0.0,0.005,4245001.0,11461.192391304348,0.0,0.0,5590959.0,0.0,4233539.807608696
Where My Dogs At,593.00132832,593.00132832,0.0,0.0,0.0,0.0,0.0,0.0,0.0,0.0,0.0,0.0,0.0,30000.0,0.0,0.005,4270000.0,11461.192391304348,0.0,0.0,5000959.0,0.0,4258538.807608696
Moodyo,452.00101248,452.00101248,0.0,0.0,0.0,0.0,0.0,0.0,0.0,0.0,0.0,0.0,0.0,450000.0,0.0,0.1,4278471.1,11461.192391304348,0.0,0.0,4516918.1,0.0,4267009.907608695
CumuLogic,333.00074592,333.00074592,0.0,0.0,0.0,0.0,0.0,0.0,0.0,0.0,0.0,0.0,0.0,250000.0,0.0,0.005,4285960.0,11461.192391304348,0.0,0.0,5042877.0,0.0,4274498.807608696
Everypost,526.0011782400001,526.0011782400001,0.0,0.0,0.0,0.0,0.0,0.0,0.0,0.0,0.0,0.0,0.0,25000.0,0.0,0.005,4310000.0,11461.192391304348,0.0,0.0,5390959.0,0.0,4298538.807608696
Andtix,588.00131712,588.00131712,0.0,0.0,0.0,0.0,0.0,0.0,0.0,0.0,0.0,0.0,0.0,75000.0,0.0,0.005,4315001.0,11461.192391304348,0.0,0.0,4690959.0,0.0,4303539.807608696
Squabbler,359.00080416000003,359.00080416000003,0.0,0.0,0.0,0.0,0.0,0.0,0.0,0.0,0.0,0.0,0.0,1.0,0.0,0.005,4320000.0,11461.192391304348,0.0,0.0,4421918.0,0.0,4308538.807608696
Dakwak,284.00063616,284.00063616,0.0,0.0,0.0,0.0,0.0,0.0,0.0,0.0,0.0,0.0,0.0,600000.0,0.0,0.005,4325001.0,11461.192391304348,0.0,0.0,5350001.1,0.0,4313539.807608696
99dresses,681.00152544,681.00152544,23.0,1.0,8.0,0.0,0.0,0.0,0.0,46.0,2.0,0.0,0.0,105651.0,0.0,0.005,4385001.0,11461.192391304348,0.0,0.0,3820002.0,0.0,4373539.807608696
Zaranga,633.50141904,633.50141904,28.5,1.5,10.0,0.0,0.0,0.0,0.0,114.0,6.0,0.0,0.0,1.0,0.0,0.005,4422000.0,11461.192391304348,0.0,0.0,3880002.0,0.0,4410538.807608696
BabyList,229.00051296,229.00051296,0.0,0.0,0.0,0.0,0.0,0.0,0.0,0.0,0.0,0.0,0.0,620000.0,0.0,0.005,4425001.0,11461.192391304348,0.0,0.0,4700001.1,0.0,4413539.807608696
ImpulseSave,476.50106736,476.50106736,0.0,0.0,0.0,0.0,0.0,0.0,0.0,0.0,0.0,0.0,0.0,1.0,0.0,0.005,4470000.0,11461.192391304348,0.0,0.0,4341918.0,0.0,4458538.807608696
Spling,844.50189168,844.50189168,0.0,0.0,0.0,0.0,0.0,0.0,0.0,0.0,0.0,0.0,0.0,212500.0,0.0,0.005,4500000.1,11461.192391304348,0.0,0.0,5020959.0,0.0,4488538.907608695
NEST,426.00095424,426.00095424,0.0,0.0,0.0,0.0,0.0,0.0,0.0,0.0,0.0,0.0,0.0,1.0,0.0,0.005,4510000.0,11461.192391304348,0.0,0.0,4321918.0,0.0,4498538.807608696
1stdibs,496.00111104,496.00111104,0.0,0.0,0.0,0.0,0.0,0.0,0.0,0.0,0.0,0.0,0.0,1.0,0.0,0.005,4570000.0,11461.192391304348,0.0,0.0,4250959.0,0.0,4558538.807608696
Cuponomia,496.00111104,496.00111104,0.0,0.0,0.0,0.0,0.0,0.0,0.0,0.0,0.0,0.0,0.0,1.0,0.0,0.005,4570000.0,11461.192391304348,0.0,0.0,4250959.0,0.0,4558538.807608696
AnyCloud,832.00186368,832.00186368,54.5,1.0,5.0,1.0,5.0,0.0,0.0,218.0,4.0,4.0,0.0,62500.0,0.0,0.005,4590000.0,11461.192391304348,0.0,0.0,5211918.0,0.0,4578538.807608696
TinyTap,451.00101024,451.00101024,15.0,1.0,5.0,0.0,0.0,0.0,0.0,15.0,1.0,0.0,0.0,500000.0,0.0,0.005,4600002.0,11461.192391304348,0.0,0.0,3025003.1,0.0,4588540.807608696
FoodEssentials,479.00107296000004,479.00107296000004,0.0,0.0,0.0,0.0,0.0,0.0,0.0,0.0,0.0,0.0,0.0,66666.66666666667,0.0,0.005,4605001.0,11461.192391304348,0.0,0.0,5161918.0,0.0,4593539.807608696
Von Bismark,617.00138208,617.00138208,0.0,0.0,0.0,0.0,0.0,0.0,0.0,0.0,0.0,0.0,0.0,140000.0,0.0,0.005,4635001.0,11461.192391304348,0.0,0.0,5900959.0,0.0,4623539.807608696
Tweetwall,679.00152096,679.00152096,0.0,0.0,0.0,0.0,0.0,0.0,0.0,0.0,0.0,0.0,0.0,165000.0,0.0,0.005,4635960.0,11461.192391304348,0.0,0.0,5670959.0,0.0,4624498.807608696
Iconfinder,679.00152096,679.00152096,0.0,0.0,0.0,0.0,0.0,0.0,0.0,0.0,0.0,0.0,0.0,165000.0,0.0,0.005,4635960.0,11461.192391304348,0.0,0.0,5670959.0,0.0,4624498.807608696
AnyPerk,381.33418752000006,381.33418752000006,415.5,1.5,10.0,0.0,0.0,0.0,0.0,2493.0,9.0,0.0,0.0,466667.3333333333,0.0,0.1,4635960.2,11461.192391304348,0.0,0.0,4095001.2,0.0,4624499.007608696
Crunchbutton,314.00070336,314.00070336,0.0,0.0,0.0,0.0,0.0,0.0,0.0,0.0,0.0,0.0,0.0,430000.0,0.0,0.005,4640001.0,11461.192391304348,0.0,0.0,4642877.1,0.0,4628539.807608696
Scholrly,435.0009744,435.0009744,0.0,0.0,0.0,0.0,0.0,0.0,0.0,0.0,0.0,0.0,0.0,50000.0,0.0,0.005,4645001.0,11461.192391304348,0.0,0.0,4611918.0,0.0,4633539.807608696
Kuratur,430.75096488,430.75096488,0.0,0.0,0.0,0.0,0.0,0.0,0.0,0.0,0.0,0.0,0.0,67750.0,0.0,0.005,4645001.0,11461.192391304348,0.0,0.0,4321918.0,0.0,4633539.807608696
Monogram,495.50110992,495.50110992,0.0,0.0,0.0,0.0,0.0,0.0,0.0,0.0,0.0,0.0,0.0,620000.0,0.0,0.005,4666940.2,11461.192391304348,0.0,0.0,6725000.1,0.0,4655479.007608696
Apptentive,491.00109984,491.00109984,0.0,0.0,0.0,0.0,0.0,0.0,0.0,0.0,0.0,0.0,0.0,600000.5,0.0,0.005,4666940.2,11461.192391304348,0.0,0.0,6725000.1,0.0,4655479.007608696
Plandree,477.00106848,477.00106848,0.0,0.0,0.0,0.0,0.0,0.0,0.0,0.0,0.0,0.0,0.0,31000.0,0.0,0.005,4670000.0,11461.192391304348,0.0,0.0,5581918.0,0.0,4658538.807608696
Hundo,404.00090496,404.00090496,0.0,0.0,0.0,0.0,0.0,0.0,0.0,0.0,0.0,0.0,0.0,50000.0,0.0,0.005,4680001.0,11461.192391304348,0.0,0.0,4741918.0,0.0,4668539.807608696
Rootless,404.00090496,404.00090496,0.0,0.0,0.0,0.0,0.0,0.0,0.0,0.0,0.0,0.0,0.0,50000.0,0.0,0.005,4680001.0,11461.192391304348,0.0,0.0,4741918.0,0.0,4668539.807608696
Gecko Health Innovation (GeckoCap),515.0011536,515.0011536,0.0,0.0,0.0,0.0,0.0,0.0,0.0,0.0,0.0,0.0,0.0,50000.0,0.0,0.005,4705001.0,11461.192391304348,0.0,0.0,5940959.0,0.0,4693539.807608696
Qual Canal,496.00111104,496.00111104,0.0,0.0,0.0,0.0,0.0,0.0,0.0,0.0,0.0,0.0,0.0,50000.0,0.0,0.005,4705001.0,11461.192391304348,0.0,0.0,5940959.0,0.0,4693539.807608696
LaunchGram,496.00111104,496.00111104,0.0,0.0,0.0,0.0,0.0,0.0,0.0,0.0,0.0,0.0,0.0,50000.0,0.0,0.005,4705001.0,11461.192391304348,0.0,0.0,5940959.0,0.0,4693539.807608696
Memebox,421.00094304,421.00094304,0.0,0.0,0.0,0.0,0.0,0.0,0.0,0.0,0.0,0.0,0.0,25000.0,0.0,0.005,4710000.0,11461.192391304348,0.0,0.0,4741918.0,0.0,4698538.807608696
StackSocial,565.0012656,565.0012656,0.0,0.0,0.0,0.0,0.0,0.0,0.0,0.0,0.0,0.0,0.0,800000.0,0.0,0.1,4718470.1,11461.192391304348,0.0,0.0,6450000.2,0.0,4707008.907608695
EquityLancer,515.0011536,515.0011536,0.0,0.0,0.0,0.0,0.0,0.0,0.0,0.0,0.0,0.0,0.0,20000.0,0.0,0.005,4770000.0,11461.192391304348,0.0,0.0,5740959.0,0.0,4758538.807608696
PlanGrid,621.00139104,621.00139104,33.5,1.0,10.0,0.0,0.0,0.0,0.0,67.0,2.0,0.0,0.0,1100000.0,0.0,0.3,4805001.0,11461.192391304348,0.0,0.0,6635000.0,0.0,4793539.807608696
Wideo,402.00090048,402.00090048,0.0,0.0,0.0,0.0,0.0,0.0,0.0,0.0,0.0,0.0,0.0,25000.0,0.0,0.005,4810000.0,11461.192391304348,0.0,0.0,4741918.0,0.0,4798538.807608696
Seevibes,712.00159488,712.00159488,0.0,0.0,0.0,0.0,0.0,0.0,0.0,0.0,0.0,0.0,0.0,200000.0,0.0,0.005,4815001.0,11461.192391304348,0.0,0.0,5970959.0,0.0,4803539.807608696
Freshdesk,692.00155008,692.00155008,35.5,1.0,7.0,0.3333333333333333,2.3333333333333335,0.0,0.0,426.0,12.0,4.0,0.0,1051638.0,0.0,0.1,4825000.0,11461.192391304348,0.0,0.0,7275000.1,0.0,4813538.807608696
Cody,496.00111104,496.00111104,117.5,1.5,9.0,0.0,0.0,0.0,0.0,235.0,3.0,0.0,0.0,300000.0,0.0,0.1,4843836.2,11461.192391304348,0.0,0.0,2535962.2,0.0,4832375.007608696
HealthRally,785.50175952,785.50175952,183.5,4.5,16.5,0.5,1.0,0.0,0.0,734.0,18.0,2.0,0.0,200000.5,0.0,0.005,4855000.0,11461.192391304348,0.0,0.0,4940000.0,0.0,4843538.807608696
Tapestry,453.00101472,453.00101472,0.0,0.0,0.0,0.0,0.0,0.0,0.0,0.0,0.0,0.0,0.0,600000.0,0.0,0.005,4866940.2,11461.192391304348,0.0,0.0,6775000.1,0.0,4855479.007608696
Wikisway,517.00115808,517.00115808,0.0,0.0,0.0,0.0,0.0,0.0,0.0,0.0,0.0,0.0,0.0,140000.0,0.0,0.005,4885001.0,11461.192391304348,0.0,0.0,5740959.1,0.0,4873539.807608696
ShutterCal,373.00083552,373.00083552,0.0,0.0,0.0,0.0,0.0,0.0,0.0,0.0,0.0,0.0,0.0,52000.0,0.0,0.005,4890001.0,11461.192391304348,0.0,0.0,4651918.0,0.0,4878539.807608696
SurpriseRide,373.00083552,373.00083552,0.0,0.0,0.0,0.0,0.0,0.0,0.0,0.0,0.0,0.0,0.0,100000.0,0.0,0.005,4890001.0,11461.192391304348,0.0,0.0,3912877.0,0.0,4878539.807608696
TRData,745.0016688,745.0016688,521.0,1.0,8.0,1.0,8.0,1.0,8.0,2605.0,5.0,5.0,5.0,71000.0,0.0,0.005,4915000.0,11461.192391304348,0.0,0.0,5990000.0,0.0,4903538.807608696
100Plus,802.00179648,802.00179648,0.0,0.0,0.0,0.0,0.0,0.0,0.0,0.0,0.0,0.0,0.0,750000.0,0.0,0.1,4920000.0,11461.192391304348,0.0,0.0,6355000.2,0.0,4908538.807608696
Mortar Data,656.5014705599999,656.5014705599999,0.0,0.0,0.0,0.0,0.0,0.0,0.0,0.0,0.0,0.0,0.0,900000.5,0.0,0.1,4945000.0,11461.192391304348,0.0,0.0,7235000.2,0.0,4933538.807608696
qunb,519.00116256,519.00116256,197.0,1.0,7.0,0.0,0.0,0.0,0.0,788.0,4.0,0.0,0.0,320000.5,0.0,0.005,4971918.2,11461.192391304348,0.0,0.0,2895003.1,0.0,4960457.007608696
Dashbell,395.33421888,395.33421888,0.0,0.0,0.0,0.0,0.0,0.0,0.0,0.0,0.0,0.0,0.0,351000.0,0.0,0.005,4978471.1,11461.192391304348,0.0,0.0,4622877.1,0.0,4967009.907608695
BetterFit Technologies,488.3344272000001,488.3344272000001,0.0,0.0,0.0,0.0,0.0,0.0,0.0,0.0,0.0,0.0,0.0,147666.66666666666,0.0,0.005,4985001.0,11461.192391304348,0.0,0.0,5661918.0,0.0,4973539.807608696
Modulus,495.50110992,495.50110992,0.0,0.0,0.0,0.0,0.0,0.0,0.0,0.0,0.0,0.0,0.0,135000.0,0.0,0.005,4985001.0,11461.192391304348,0.0,0.0,5920959.0,0.0,4973539.807608696
One Inc.,935.0020944,935.0020944,0.0,0.0,0.0,0.0,0.0,0.0,0.0,0.0,0.0,0.0,0.0,1000050.0,0.0,0.005,5005000.0,11461.192391304348,0.0,0.0,4075000.2,0.0,4993538.807608696
Happy Inspector,571.00127904,571.00127904,0.0,0.0,0.0,0.0,0.0,0.0,0.0,0.0,0.0,0.0,0.0,895000.0,0.0,0.2,5013470.1,11461.192391304348,0.0,0.0,8290000.2,0.0,5002008.907608695
Teamly,368.00082432,368.00082432,1130.0,1.0,8.0,0.0,0.0,0.0,0.0,2260.0,2.0,0.0,0.0,250000.0,0.0,0.005,5026918.1,11461.192391304348,0.0,0.0,3496919.1,0.0,5015456.907608695
Faraday,345.0007728,345.0007728,32.5,1.25,6.25,0.0,0.0,0.75,3.75,130.0,5.0,0.0,3.0,130000.0,0.0,0.005,5032959.0,11461.192391304348,0.0,0.0,4335002.0,0.0,5021497.807608696
ClassDojo,700.001568,700.001568,0.0,0.0,0.0,0.0,0.0,0.0,0.0,0.0,0.0,0.0,0.0,800000.5,0.0,0.005,5035000.0,11461.192391304348,0.0,0.0,7555000.2,0.0,5023538.807608696
Splashscore,372.00083328,372.00083328,0.0,0.0,0.0,0.0,0.0,0.0,0.0,0.0,0.0,0.0,0.0,20000.0,0.0,0.005,5060000.0,11461.192391304348,0.0,0.0,4741918.0,0.0,5048538.807608696
docTrackr,621.00139104,621.00139104,0.0,0.0,0.0,0.0,0.0,0.0,0.0,0.0,0.0,0.0,0.0,1000000.5,0.0,0.005,5065000.0,11461.192391304348,0.0,0.0,6805000.2,0.0,5053538.807608696
Pact Fitness,464.00103936000005,464.00103936000005,0.0,0.0,0.0,0.0,0.0,0.0,0.0,0.0,0.0,0.0,0.0,839333.3333333334,0.0,0.005,5130410.3,11461.192391304348,0.0,0.0,6498470.2,0.0,5118949.1076086955
Zillabyte,454.50101808,454.50101808,221.0,1.0,9.0,0.0,0.0,0.0,0.0,442.0,2.0,0.0,0.0,1.0,0.0,0.1,5130959.0,11461.192391304348,0.0,0.0,4756919.0,0.0,5119497.807608696
everbill,526.0011782400001,526.0011782400001,40.25,2.0,10.0,0.0,0.0,0.5,3.0,161.0,8.0,0.0,2.0,50000.0,0.0,0.005,5132000.0,11461.192391304348,0.0,0.0,6025959.0,0.0,5120538.807608696
FamilyLeaf,770.0017248,770.0017248,221.33333333333334,1.0,9.0,0.0,0.0,0.0,0.0,664.0,3.0,0.0,0.0,177000.0,0.0,0.005,5250000.0,11461.192391304348,0.0,0.0,4205960.0,0.0,5238538.807608696
FlyData,863.00193312,863.00193312,0.0,0.0,0.0,0.0,0.0,0.0,0.0,0.0,0.0,0.0,0.0,680000.0,0.0,0.2,5275000.0,11461.192391304348,0.0,0.0,6245000.2,0.0,5263538.807608696
MobileDevHQ,486.50108976,486.50108976,0.0,0.0,0.0,0.0,0.0,0.0,0.0,0.0,0.0,0.0,0.0,325000.5,0.0,0.005,5285960.0,11461.192391304348,0.0,0.0,4956918.1,0.0,5274498.807608696
Socrative,192.00043008,192.00043008,0.0,0.0,0.0,0.0,0.0,0.0,0.0,0.0,0.0,0.0,0.0,750000.0,0.0,0.005,5328471.1,11461.192391304348,0.0,0.0,4568471.2,0.0,5317009.907608695
DocASAP,158.00035392,158.00035392,0.0,0.0,0.0,0.0,0.0,0.0,0.0,0.0,0.0,0.0,0.0,799998.0,0.0,0.3,5328471.1,11461.192391304348,0.0,0.0,3453471.2,0.0,5317009.907608695
Validic,553.66790688,553.66790688,0.0,0.0,0.0,0.0,0.0,0.0,0.0,0.0,0.0,0.0,0.0,286166.6666666667,0.0,0.005,5355960.0,11461.192391304348,0.0,0.0,3370959.2,0.0,5344498.807608696
LaunchRock,824.00184576,824.00184576,0.0,0.0,0.0,0.0,0.0,0.0,0.0,0.0,0.0,0.0,0.0,800000.0,0.0,0.005,5375000.0,11461.192391304348,0.0,0.0,6645000.2,0.0,5363538.807608696
Sayduck,395.50088592,395.50088592,0.0,0.0,0.0,0.0,0.0,0.0,0.0,0.0,0.0,0.0,0.0,241250.0,0.0,0.005,5375960.0,11461.192391304348,0.0,0.0,4932877.0,0.0,5364498.807608696
CitySpark,454.00101696,454.00101696,0.0,0.0,0.0,0.0,0.0,0.0,0.0,0.0,0.0,0.0,0.0,650000.0,0.0,0.005,5400410.3,11461.192391304348,0.0,0.0,7333470.2,0.0,5388949.1076086955
Lawdingo,463.00103712,463.00103712,178.0,1.0,8.0,0.0,0.0,0.0,0.0,178.0,1.0,0.0,0.0,100000.0,0.0,0.005,5411918.0,11461.192391304348,0.0,0.0,4647878.0,0.0,5400456.807608696
Eponym,770.0017248,770.0017248,0.0,0.0,0.0,0.0,0.0,0.0,0.0,0.0,0.0,0.0,0.0,1000000.0,0.0,0.1,5440000.0,11461.192391304348,0.0,0.0,5810000.2,0.0,5428538.807608696
"Famigo, Inc.",682.00152768,682.00152768,0.0,0.0,0.0,0.0,0.0,0.0,0.0,0.0,0.0,0.0,0.0,1000000.0,0.0,0.005,5440000.0,11461.192391304348,0.0,0.0,7545000.2,0.0,5428538.807608696
AdhereTech,515.50115472,515.50115472,65.0,1.0,6.0,0.0,0.0,0.3333333333333333,2.0,390.0,6.0,0.0,2.0,310000.0,0.0,0.1,5443836.1,11461.192391304348,0.0,0.0,4440001.0,0.0,5432374.907608695
Tutorspree,782.00175168,782.00175168,117.0,1.0,10.0,0.0,0.0,0.0,0.0,351.0,3.0,0.0,0.0,1000000.0,0.0,0.005,5450000.0,11461.192391304348,0.0,0.0,6410000.0,0.0,5438538.807608696
SaleMove,457.25102424,457.25102424,46.0,1.0,6.0,0.0,0.0,0.0,0.0,736.0,16.0,0.0,0.0,68750.0,0.0,0.005,5492959.0,11461.192391304348,0.0,0.0,5190000.0,0.0,5481497.807608696
Appifier,627.00140448,627.00140448,0.0,0.0,0.0,0.0,0.0,0.0,0.0,0.0,0.0,0.0,0.0,212000.0,0.0,0.005,5595960.0,11461.192391304348,0.0,0.0,5720959.0,0.0,5584498.807608696
Umbie DentalCare,648.50145264,648.50145264,0.0,0.0,0.0,0.0,0.0,0.0,0.0,0.0,0.0,0.0,0.0,192500.0,0.0,0.005,5595960.0,11461.192391304348,0.0,0.0,5970959.0,0.0,5584498.807608696
Openera,429.00096096,429.00096096,0.0,0.0,0.0,0.0,0.0,0.0,0.0,0.0,0.0,0.0,0.0,250000.0,0.0,0.005,5641919.0,11461.192391304348,0.0,0.0,4582877.0,0.0,5630457.807608696
Prepmatic,465.0010416,465.0010416,0.0,0.0,0.0,0.0,0.0,0.0,0.0,0.0,0.0,0.0,0.0,240000.0,0.0,0.005,5641919.0,11461.192391304348,0.0,0.0,5616918.0,0.0,5630457.807608696
Assembly,404.00090496,404.00090496,128.33333333333334,1.0,10.0,0.0,0.0,0.3333333333333333,3.3333333333333335,770.0,6.0,0.0,2.0,1.0,0.0,0.2,5690959.0,11461.192391304348,0.0,0.0,5650001.0,0.0,5679497.807608696
Wallaby Financial,528.00118272,528.00118272,0.0,0.0,0.0,0.0,0.0,0.0,0.0,0.0,0.0,0.0,0.0,1100000.0,0.0,0.005,5693470.1,11461.192391304348,0.0,0.0,5370000.3,0.0,5682008.907608695
Shopperception,588.00131712,588.00131712,0.0,0.0,0.0,0.0,0.0,0.0,0.0,0.0,0.0,0.0,0.0,200000.0,0.0,0.005,5705960.0,11461.192391304348,0.0,0.0,5690959.0,0.0,5694498.807608696
Fetchnotes,311.50069776,311.50069776,0.0,0.0,0.0,0.0,0.0,0.0,0.0,0.0,0.0,0.0,0.0,212500.5,0.0,0.005,5710960.0,11461.192391304348,0.0,0.0,6787877.0,0.0,5699498.807608696
Tindie,419.00093856,419.00093856,212.0,1.0,8.0,0.0,0.0,1.0,8.0,212.0,1.0,0.0,1.0,500000.0,0.0,0.005,5751919.1,11461.192391304348,0.0,0.0,4447879.2,0.0,5740457.907608695
Cubie,464.00103936,464.00103936,0.0,0.0,0.0,0.0,0.0,0.0,0.0,0.0,0.0,0.0,0.0,1100000.0,0.0,0.005,5763470.1,11461.192391304348,0.0,0.0,5020000.2,0.0,5752008.907608695
Prevoty,265.0005936,265.0005936,82.0,1.0,8.0,0.5,5.0,0.0,0.0,164.0,2.0,1.0,0.0,700000.0,0.0,0.005,5775001.1,11461.192391304348,0.0,0.0,2175001.1,0.0,5763539.907608695
72Lux,526.0011782400001,526.0011782400001,0.0,0.0,0.0,0.0,0.0,0.0,0.0,0.0,0.0,0.0,0.0,1400000.0,0.0,0.005,5778470.2,11461.192391304348,0.0,0.0,5975000.3,0.0,5767009.007608696
Fancred,232.5005208,232.5005208,0.0,0.0,0.0,0.0,0.0,0.0,0.0,0.0,0.0,0.0,0.0,809000.0,0.0,0.005,5778471.1,11461.192391304348,0.0,0.0,5138471.2,0.0,5767009.907608695
Enhatch,507.00113568,507.00113568,0.0,0.0,0.0,0.0,0.0,0.0,0.0,0.0,0.0,0.0,0.0,250000.0,0.0,0.005,5796919.0,11461.192391304348,0.0,0.0,5525959.0,0.0,5785457.807608696
Sandglaz,490.50109872,490.50109872,0.0,0.0,0.0,0.0,0.0,0.0,0.0,0.0,0.0,0.0,0.0,300000.0,0.0,0.1,5796919.0,11461.192391304348,0.0,0.0,4831918.1,0.0,5785457.807608696
Rise Robotics,485.0010864,485.0010864,0.0,0.0,0.0,0.0,0.0,0.0,0.0,0.0,0.0,0.0,0.0,231500.0,0.0,0.005,5796919.0,11461.192391304348,0.0,0.0,5616918.0,0.0,5785457.807608696
Love With Food,503.66779488,503.66779488,0.0,0.0,0.0,0.0,0.0,0.0,0.0,0.0,0.0,0.0,0.0,231667.0,0.0,0.005,5796919.0,11461.192391304348,0.0,0.0,5875959.0,0.0,5785457.807608696
Sqrl,11.00002464,11.00002464,0.0,0.0,0.0,0.0,0.0,0.0,0.0,0.0,0.0,0.0,0.0,550000.0,0.0,0.3,5800002.0,11461.192391304348,0.0,0.0,3185001.1,0.0,5788540.807608696
Panna,279.00062496,279.00062496,35.0,1.0,7.0,0.0,0.0,0.0,0.0,35.0,1.0,0.0,0.0,1350000.0,0.0,0.2,5815000.2,11461.192391304348,0.0,0.0,2585001.5,0.0,5803539.007608696
Mattermark,482.00107968,482.00107968,0.0,0.0,0.0,0.0,0.0,0.0,0.0,0.0,0.0,0.0,0.0,1000000.0,0.0,0.1,5883470.1,11461.192391304348,0.0,0.0,6770000.1,0.0,5872008.907608695
Pick1,515.0011536,515.0011536,0.0,0.0,0.0,0.0,0.0,0.0,0.0,0.0,0.0,0.0,0.0,1000000.0,0.0,0.1,5883470.1,11461.192391304348,0.0,0.0,6070000.2,0.0,5872008.907608695
ReelSurfer,510.0011424,510.0011424,15.0,1.5,8.0,0.0,0.0,0.0,0.0,30.0,3.0,0.0,0.0,880000.0,0.0,0.005,5960001.1,11461.192391304348,0.0,0.0,5705000.1,0.0,5948539.907608695
Urbita,404.00090496,404.00090496,0.0,0.0,0.0,0.0,0.0,0.0,0.0,0.0,0.0,0.0,0.0,650000.0,0.0,0.005,5991940.2,11461.192391304348,0.0,0.0,8083470.2,0.0,5980479.007608696
Pixowl,526.0011782400001,526.0011782400001,0.0,0.0,0.0,0.0,0.0,0.0,0.0,0.0,0.0,0.0,0.0,1200000.0,0.0,0.005,5998470.1,11461.192391304348,0.0,0.0,5030000.3,0.0,5987008.907608695
Chalkable,523.00117152,523.00117152,0.0,0.0,0.0,0.0,0.0,0.0,0.0,0.0,0.0,0.0,0.0,1300000.0,0.0,0.005,5998470.1,11461.192391304348,0.0,0.0,4790000.3,0.0,5987008.907608695
Fashion Project,420.50094192,420.50094192,0.0,0.0,0.0,0.0,0.0,0.0,0.0,0.0,0.0,0.0,0.0,900000.5,0.0,0.005,6021940.2,11461.192391304348,0.0,0.0,8625000.1,0.0,6010479.007608696
Freshplum,506.00113344000005,506.00113344000005,0.0,0.0,0.0,0.0,0.0,0.0,0.0,0.0,0.0,0.0,0.0,1141666.6666666667,0.0,0.005,6178470.1,11461.192391304348,0.0,0.0,4795000.3,0.0,6167008.907608695
Watsi,199.00044576,199.00044576,18.75,1.0,8.0,0.0,0.0,0.0,0.0,75.0,4.0,0.0,0.0,1200000.0,0.0,0.2,6195001.1,11461.192391304348,0.0,0.0,5695001.1,0.0,6183539.907608695
Swipesense,506.00113344,506.00113344,0.0,0.0,0.0,0.0,0.0,0.0,0.0,0.0,0.0,0.0,0.0,930004.0,0.0,0.005,6196940.2,11461.192391304348,0.0,0.0,7420000.2,0.0,6185479.007608696
CrowdMed,373.66750368,373.66750368,51.333333333333336,1.0,10.0,1.0,4.666666666666667,0.0,0.0,462.0,9.0,9.0,0.0,793333.3333333334,0.0,0.005,6265001.1,11461.192391304348,0.0,0.0,4015001.1,0.0,6253539.907608695
BrightNest,831.00186144,831.00186144,0.0,0.0,0.0,0.0,0.0,0.0,0.0,0.0,0.0,0.0,0.0,950000.0,0.0,0.005,6325000.0,11461.192391304348,0.0,0.0,4795000.2,0.0,6313538.807608696
Survata,251.50056336,251.50056336,83.0,1.0,9.0,0.0,0.0,0.0,0.0,332.0,4.0,0.0,0.0,758500.0,0.0,0.005,6425001.1,11461.192391304348,0.0,0.0,3885001.0,0.0,6413539.907608695
Timbuktu Labs,385.0008624,385.0008624,0.0,0.0,0.0,0.0,0.0,0.0,0.0,0.0,0.0,0.0,0.0,570000.0,0.0,0.005,6450000.0,11461.192391304348,0.0,0.0,6585000.1,0.0,6438538.807608696
Ovuline,352.33412256,352.33412256,0.0,0.0,0.0,0.0,0.0,0.0,0.0,0.0,0.0,0.0,0.0,833333.6666666666,0.0,0.005,6458470.1,11461.192391304348,0.0,0.0,7813470.2,0.0,6447008.907608695
MyVR,499.00111776,499.00111776,250.33333333333334,2.3333333333333335,17.333333333333332,5.666666666666667,45.333333333333336,0.0,0.0,751.0,7.0,17.0,0.0,1400000.0,0.0,0.1,6515000.2,11461.192391304348,0.0,0.0,8560000.1,0.0,6503539.007608696
OnTheGo Platforms,89.50020047999999,89.50020047999999,0.0,0.0,0.0,0.0,0.0,0.0,0.0,0.0,0.0,0.0,0.0,817036.5,0.0,0.005,6728471.1,11461.192391304348,0.0,0.0,3473471.2,0.0,6717009.907608695
Markerly,26.00005824,26.00005824,0.0,0.0,0.0,0.0,0.0,0.0,0.0,0.0,0.0,0.0,0.0,800000.0,0.0,0.005,6728471.1,11461.192391304348,0.0,0.0,3463471.2,0.0,6717009.907608695
Versa,161.50036175999998,161.50036175999998,0.0,0.0,0.0,0.0,0.0,0.0,0.0,0.0,0.0,0.0,0.0,1000000.0,0.0,0.2,6730001.0,11461.192391304348,0.0,0.0,4970001.1,0.0,6718539.807608696
NewsWhip,150.000336,150.000336,0.0,0.0,0.0,0.0,0.0,0.0,0.0,0.0,0.0,0.0,0.0,1100000.0,0.0,0.005,6730001.0,11461.192391304348,0.0,0.0,4145001.2,0.0,6718539.807608696
Guidecentral,345.0007728,345.0007728,0.0,0.0,0.0,0.0,0.0,0.0,0.0,0.0,0.0,0.0,0.0,650000.0,0.0,0.005,6748470.1,11461.192391304348,0.0,0.0,8543470.2,0.0,6737008.907608695
Wello,438.00098112,438.00098112,83.66666666666667,1.3333333333333333,8.666666666666666,0.0,0.0,0.6666666666666666,5.333333333333333,251.0,4.0,0.0,2.0,1000000.0,0.0,0.005,6775960.1,11461.192391304348,0.0,0.0,7425000.0,0.0,6764498.907608695
Kamcord,402.00090048,402.00090048,100.33333333333333,1.0,9.0,0.0,0.0,0.0,0.0,903.0,9.0,0.0,0.0,840000.0,0.0,0.2,6780000.1,11461.192391304348,0.0,0.0,5595000.0,0.0,6768538.907608695
drchrono,849.401902656,849.401902656,315.5,1.0,10.0,0.0,0.0,1.0,10.0,3155.0,10.0,0.0,10.0,265000.6,0.0,0.1,6830000.0,11461.192391304348,0.0,0.0,8135000.0,0.0,6818538.807608696
BioBeats,192.00043008,192.00043008,122.33333333333333,2.6666666666666665,15.333333333333334,1.3333333333333333,7.666666666666667,0.0,0.0,367.0,8.0,4.0,0.0,650000.0,0.0,0.005,6900000.1,11461.192391304348,0.0,0.0,6325001.0,0.0,6888538.907608695
Transcriptic,438.00098112,438.00098112,432.0,2.0,13.0,1.0,8.0,0.0,0.0,432.0,2.0,1.0,0.0,1200000.0,0.0,0.005,6925000.1,11461.192391304348,0.0,0.0,9680959.0,0.0,6913538.907608695
InVenture,164.00036736,164.00036736,282.5,1.5,9.0,0.0,0.0,0.0,0.0,565.0,3.0,0.0,0.0,1200000.0,0.0,0.1,6940000.1,11461.192391304348,0.0,0.0,5980000.0,0.0,6928538.907608695
Ringadoc,440.50098671999996,440.50098671999996,124.5,1.0,8.0,0.0,0.0,0.0,0.0,498.0,4.0,0.0,0.0,1325000.0,0.0,0.1,6965000.2,11461.192391304348,0.0,0.0,6920000.0,0.0,6953539.007608696
Spinnakr,244.00054656,244.00054656,0.0,0.0,0.0,0.0,0.0,0.0,0.0,0.0,0.0,0.0,0.0,1000000.0,0.0,0.005,7070001.0,11461.192391304348,0.0,0.0,4770001.1,0.0,7058539.807608696
Down,286.00064064000003,286.00064064000003,0.0,0.0,0.0,0.0,0.0,0.0,0.0,0.0,0.0,0.0,0.0,1000000.0,0.0,0.005,7070001.0,11461.192391304348,0.0,0.0,5420001.1,0.0,7058539.807608696
Pricing Engine,319.00071456,319.00071456,0.0,0.0,0.0,0.0,0.0,0.0,0.0,0.0,0.0,0.0,0.0,1000000.0,0.0,0.005,7440000.0,11461.192391304348,0.0,0.0,7435000.1,0.0,7428538.807608696
BuildZoom,332.00074368,332.00074368,106.0,1.0,8.0,2.0,16.5,0.0,0.0,424.0,4.0,8.0,0.0,706500.0,0.0,0.005,7455000.1,11461.192391304348,0.0,0.0,4325001.1,0.0,7443538.907608695
Chewse,314.00070336,314.00070336,0.0,0.0,0.0,0.0,0.0,0.0,0.0,0.0,0.0,0.0,0.0,1000000.0,0.0,0.005,7515000.0,11461.192391304348,0.0,0.0,6395000.1,0.0,7503538.807608696
ElectNext,313.00070112,313.00070112,0.0,0.0,0.0,0.0,0.0,0.0,0.0,0.0,0.0,0.0,0.0,1300000.0,0.0,0.005,7610000.0,11461.192391304348,0.0,0.0,4520000.3,0.0,7598538.807608696
Wymsee,291.50065296,291.50065296,0.0,0.0,0.0,0.0,0.0,0.0,0.0,0.0,0.0,0.0,0.0,1250000.5,0.0,0.005,7610000.0,11461.192391304348,0.0,0.0,4145001.2,0.0,7598538.807608696
AppAddictive,752.00168448,752.00168448,0.0,0.0,0.0,0.0,0.0,0.0,0.0,0.0,0.0,0.0,0.0,1200000.0,0.0,0.2,7700000.0,11461.192391304348,0.0,0.0,6250000.3,0.0,7688538.807608696
OrderAhead,810.0018144000001,810.0018144000001,0.0,0.0,0.0,0.0,0.0,0.0,0.0,0.0,0.0,0.0,0.0,1250000.5,0.0,0.005,7720000.0,11461.192391304348,0.0,0.0,5595000.3,0.0,7708538.807608696
Shippable,124.50027888,124.50027888,64.5,1.0,8.0,0.0,0.0,1.0,8.0,258.0,4.0,0.0,4.0,1025000.5,0.0,0.1,7720001.1,11461.192391304348,0.0,0.0,8440001.0,0.0,7708539.907608695
ZappRx,83.50018703999999,83.50018703999999,55.0,1.0,7.0,0.0,0.0,0.0,0.0,220.0,4.0,0.0,0.0,1000000.0,0.0,0.005,7745000.1,11461.192391304348,0.0,0.0,3795001.1,0.0,7733538.907608695
WeHostels,693.00155232,693.00155232,0.0,0.0,0.0,0.0,0.0,0.0,0.0,0.0,0.0,0.0,0.0,1200000.0,0.0,0.005,7780000.0,11461.192391304348,0.0,0.0,6250000.3,0.0,7768538.807608696
ThriveHive,580.0012992,580.0012992,132.33333333333334,1.0,6.0,0.0,0.0,0.0,0.0,397.0,3.0,0.0,0.0,1500000.0,0.0,0.2,7850000.0,11461.192391304348,0.0,0.0,5960000.2,0.0,7838538.807608696
Bluefields,359.00080416000003,359.00080416000003,0.0,0.0,0.0,0.0,0.0,0.0,0.0,0.0,0.0,0.0,0.0,1000000.0,0.0,0.005,7900000.0,11461.192391304348,0.0,0.0,7635000.1,0.0,7888538.807608696
Realty Mogul,326.00073024,326.00073024,0.0,0.0,0.0,0.0,0.0,0.0,0.0,0.0,0.0,0.0,0.0,1000000.0,0.0,0.005,7900000.0,11461.192391304348,0.0,0.0,7435000.1,0.0,7888538.807608696
Contactually,340.0007616,340.0007616,0.0,0.0,0.0,0.0,0.0,0.0,0.0,0.0,0.0,0.0,0.0,1000000.0,0.0,0.005,7900000.0,11461.192391304348,0.0,0.0,7885000.1,0.0,7888538.807608696
DoubleRecall,727.00162848,727.00162848,88.5,1.5,11.25,0.0,0.0,0.0,0.0,354.0,6.0,0.0,0.0,1600000.0,0.0,0.1,7920000.0,11461.192391304348,0.0,0.0,7260000.0,0.0,7908538.807608696
Zapier,548.00122752,548.00122752,65.66666666666667,1.0,8.0,0.0,0.0,0.0,0.0,394.0,6.0,0.0,0.0,600000.5,0.0,0.005,7935961.2,11461.192391304348,0.0,0.0,2875001.1,0.0,7924500.007608696
LaunchBit,552.00123648,552.00123648,0.0,0.0,0.0,0.0,0.0,0.0,0.0,0.0,0.0,0.0,0.0,960000.0,0.0,0.005,7973470.1,11461.192391304348,0.0,0.0,7845000.2,0.0,7962008.907608695
Kicksend,829.00185696,829.00185696,183.5,1.0,10.0,0.0,0.0,0.0,0.0,367.0,2.0,0.0,0.0,1800000.0,0.0,0.1,8030000.0,11461.192391304348,0.0,0.0,11840000.0,0.0,8018538.807608696
Securly,109.00024416,109.00024416,0.0,0.0,0.0,0.0,0.0,0.0,0.0,0.0,0.0,0.0,0.0,1000000.0,0.0,0.005,8130001.0,11461.192391304348,0.0,0.0,4980001.1,0.0,8118539.807608696
Amicus,596.00133504,596.00133504,147.0,1.0,9.0,0.0,0.0,0.0,0.0,882.0,6.0,0.0,0.0,1890000.0,0.0,0.1,8250000.0,11461.192391304348,0.0,0.0,6600000.1,0.0,8238538.807608696
Mindbloom,892.0019980800001,892.0019980800001,26.0,1.0,7.0,0.3333333333333333,1.3333333333333333,0.0,0.0,78.0,3.0,1.0,0.0,1800000.0,0.0,0.1,8330000.0,11461.192391304348,0.0,0.0,9910000.0,0.0,8318538.807608696
EDITD,978.00219072,978.00219072,0.0,0.0,0.0,0.0,0.0,0.0,0.0,0.0,0.0,0.0,0.0,1600000.0,0.0,0.005,8490000.0,11461.192391304348,0.0,0.0,7970000.0,0.0,8478538.807608696
Apptimize,135.50030352000002,135.50030352000002,125.25,1.0,9.0,1.0,7.5,0.0,0.0,1002.0,8.0,8.0,0.0,1050000.5,0.0,0.005,8550000.1,11461.192391304348,0.0,0.0,6080000.0,0.0,8538538.907608695
Virool,474.00106175999997,474.00106175999997,263.5,2.0,13.5,0.0,0.0,0.0,0.0,1054.0,8.0,0.0,0.0,3310000.5,0.0,0.2,8655000.0,11461.192391304348,0.0,0.0,6860000.0,0.0,8643538.807608696
popexpert,374.66750592,374.66750592,253.0,1.0,8.0,6.5,53.0,1.5,12.0,1518.0,6.0,39.0,9.0,833333.3333333334,0.0,0.005,8815000.1,11461.192391304348,0.0,0.0,13035000.0,0.0,8803538.907608695
Loku,526.0011782400001,526.0011782400001,213.0,1.0,7.0,0.0,0.0,0.0,0.0,852.0,4.0,0.0,0.0,2100000.0,0.0,0.1,8900000.0,11461.192391304348,0.0,0.0,7300000.0,0.0,8888538.807608696
MotherKnows,942.00211008,942.00211008,270.3333333333333,1.6666666666666667,13.0,4.333333333333333,35.333333333333336,0.0,0.0,811.0,5.0,13.0,0.0,1700000.0,0.0,0.005,8980000.0,11461.192391304348,0.0,0.0,8385000.0,0.0,8968538.807608696
Exec,625.0014,625.0014,782.3333333333334,2.3333333333333335,18.333333333333332,3.3333333333333335,30.333333333333332,0.3333333333333333,2.6666666666666665,2347.0,7.0,10.0,1.0,3300000.0,0.0,0.2,9255000.0,11461.192391304348,0.0,0.0,8025000.0,0.0,9243538.807608696
FormaFina,139.00031136,139.00031136,0.0,0.0,0.0,0.0,0.0,0.0,0.0,0.0,0.0,0.0,0.0,1400000.0,0.0,0.005,9510000.1,11461.192391304348,0.0,0.0,5835001.2,0.0,9498538.907608695
SocialWire,366.50082096,366.50082096,288.0,1.0,9.0,0.0,0.0,0.0,0.0,576.0,2.0,0.0,0.0,1750000.0,0.0,0.2,9575000.0,11461.192391304348,0.0,0.0,11100000.0,0.0,9563538.807608696
Plivo,432.00096768000003,432.00096768000003,84.5,1.0,8.0,0.0,0.0,0.0,0.0,169.0,2.0,0.0,0.0,1750000.0,0.0,0.2,9605000.0,11461.192391304348,0.0,0.0,10800000.0,0.0,9593538.807608696
SmartAsset,467.00104608,467.00104608,60.0,1.0,9.0,0.0,0.0,0.0,0.0,120.0,2.0,0.0,0.0,1500000.0,0.0,0.1,9820000.0,11461.192391304348,0.0,0.0,7710959.1,0.0,9808538.807608696
Embarke,118.00026432,118.00026432,0.0,0.0,0.0,0.0,0.0,0.0,0.0,0.0,0.0,0.0,0.0,1250000.0,0.0,0.005,9870000.0,11461.192391304348,0.0,0.0,4155001.2,0.0,9858538.807608696
Zendrive,164.00036736,164.00036736,362.0,1.5,12.5,2.5,19.0,0.0,0.0,724.0,3.0,5.0,0.0,1500000.0,0.0,0.005,10080000.0,11461.192391304348,0.0,0.0,7860000.0,0.0,10068538.807608696
AppStack,683.00152992,683.00152992,0.0,0.0,0.0,0.0,0.0,0.0,0.0,0.0,0.0,0.0,0.0,1500000.0,0.0,0.005,10080000.0,11461.192391304348,0.0,0.0,7035000.1,0.0,10068538.807608696
Couple,648.00145152,648.00145152,136.8,2.0,16.0,0.0,0.0,0.0,0.0,684.0,10.0,0.0,0.0,4200000.0,0.0,0.2,10700000.0,11461.192391304348,0.0,0.0,7855000.0,0.0,10688538.807608696
FIGS,222.00049728,222.00049728,49.5,1.0,8.0,0.0,0.0,0.0,0.0,99.0,2.0,0.0,0.0,2000000.0,0.0,0.005,10765000.0,11461.192391304348,0.0,0.0,10510000.0,0.0,10753538.807608696
Placester,286.00064064000003,286.00064064000003,59.0,1.0,8.0,0.0,0.0,0.0,0.0,118.0,2.0,0.0,0.0,2500000.0,0.0,0.1,10965000.0,11461.192391304348,0.0,0.0,10185000.0,0.0,10953538.807608696
ZenPayroll,567.0012700800002,567.0012700800002,757.0,1.6666666666666667,12.666666666666666,3.6666666666666665,31.333333333333332,0.0,0.0,4542.0,10.0,22.0,0.0,3050000.5,0.0,0.1,11010000.0,11461.192391304348,0.0,0.0,7160000.0,0.0,10998538.807608696
Space Monkey,577.00129248,577.00129248,0.0,0.0,0.0,0.0,0.0,0.0,0.0,0.0,0.0,0.0,0.0,2250000.0,0.0,0.1,11070000.0,11461.192391304348,0.0,0.0,10660000.0,0.0,11058538.807608696
9GAG,559.00125216,559.00125216,145.4,1.4,12.0,0.0,0.0,0.0,0.0,727.0,7.0,0.0,0.0,2800000.0,0.0,0.1,11150000.0,11461.192391304348,0.0,0.0,6800000.0,0.0,11138538.807608696
Guardly,11.00002464,11.00002464,164.0,1.0,6.0,0.0,0.0,0.5,3.0,656.0,4.0,0.0,2.0,1450000.0,0.0,0.1,11410000.0,11461.192391304348,0.0,0.0,7200000.1,0.0,11398538.807608696
TrustEgg,385.50086352,385.50086352,478.0,1.0,9.0,2.5,22.5,2.0,18.0,1912.0,4.0,10.0,8.0,575000.0,0.0,0.1,11650959.0,11461.192391304348,0.0,0.0,13235000.0,0.0,11639497.807608696
NoRedInk,172.00038528,172.00038528,0.0,0.0,0.0,0.0,0.0,0.0,0.0,0.0,0.0,0.0,0.0,2000000.0,0.0,0.005,11750000.0,11461.192391304348,0.0,0.0,11770000.0,0.0,11738538.807608696
SupplyHog,247.00055328,247.00055328,0.0,0.0,0.0,0.0,0.0,0.0,0.0,0.0,0.0,0.0,0.0,2500000.0,0.0,0.005,11950000.0,11461.192391304348,0.0,0.0,11740000.0,0.0,11938538.807608696
mParticle,117.00026207999998,117.00026207999998,152.0,1.1428571428571428,11.285714285714286,1.4285714285714286,10.714285714285714,0.14285714285714285,1.4285714285714286,1064.0,8.0,10.0,1.0,3000000.0,0.0,0.1,12860000.0,11461.192391304348,0.0,0.0,7105000.0,0.0,12848538.807608696
Sproutling,146.00032704,146.00032704,149.0,2.0,14.5,0.0,0.0,0.0,0.0,298.0,4.0,0.0,0.0,2600000.0,0.0,0.2,13210000.0,11461.192391304348,0.0,0.0,8455000.0,0.0,13198538.807608696
Athos,75.000168,75.000168,1799.25,1.5,12.0,8.0,69.5,1.25,10.0,7197.0,6.0,32.0,5.0,3500000.0,0.0,0.1,13715000.0,11461.192391304348,0.0,0.0,7725000.0,0.0,13703538.807608696
Pymetrics,142.00031808,142.00031808,74.5,1.0,7.0,0.0,0.0,0.0,0.0,149.0,2.0,0.0,0.0,2500000.0,0.0,0.1,14200000.0,11461.192391304348,0.0,0.0,9435000.0,0.0,14188538.807608696
Colingo,81.00018144,81.00018144,160.0,1.0,10.0,0.0,0.0,0.0,0.0,160.0,1.0,0.0,0.0,2400000.0,0.0,0.005,14450000.0,11461.192391304348,0.0,0.0,11130000.0,0.0,14438538.807608696
Voxeet,9.000020160000002,9.000020160000002,17.333333333333332,1.0,6.0,0.0,0.0,0.0,0.0,208.0,12.0,0.0,0.0,1500000.0,0.0,0.1,14500000.0,11461.192391304348,0.0,0.0,6775001.1,0.0,14488538.807608696
Drizly,18.00004032,18.00004032,12.5,1.0,7.0,0.0,0.0,0.0,0.0,50.0,4.0,0.0,0.0,2250000.0,0.0,0.005,15250000.0,11461.192391304348,0.0,0.0,10000000.0,0.0,15238538.807608696
Narrative,129.00028896,129.00028896,0.0,0.0,0.0,0.0,0.0,0.0,0.0,0.0,0.0,0.0,0.0,3000000.0,0.0,0.005,15450000.0,11461.192391304348,0.0,0.0,13670000.0,0.0,15438538.807608696
ALOHA,81.00018144,81.00018144,0.0,0.0,0.0,0.0,0.0,0.0,0.0,0.0,0.0,0.0,0.0,4000000.0,0.0,0.005,15450000.0,11461.192391304348,0.0,0.0,15000000.0,0.0,15438538.807608696
HipCricket,117.00026208,117.00026208,0.0,0.0,0.0,0.0,0.0,0.0,0.0,0.0,0.0,0.0,0.0,9550000.0,0.0,0.005,15450000.0,11461.192391304348,0.0,0.0,14550000.0,0.0,15438538.807608696
