name,td,lifetime,founder_followers,nfounder,founder_score,ninvestor,investor_score,nboard,board_score,founder_sumfollowers,nfounder_sum,ninvestor_sum,nboard_sum,seed_amount,RFCclass,RFCprobA,RFRpred,RFRval,ETCclass,ETCprobA,ETRpred,ETRval
1000memories,411.00092064,1500.00336,24.0,1.0,10.0,0.0,0.0,0.0,0.0,24.0,1.0,0.0,0.0,15000.0,1.0,0.9949823996655518,1015000.4,2520000.0,1.0,1.0,3110001.2,2520000.0
100Plus,802.00179648,802.00179648,0.0,0.0,0.0,0.0,0.0,0.0,0.0,0.0,0.0,0.0,0.0,750000.0,0.0,0.1,4920000.0,11461.192391304348,0.0,0.0,6355000.2,0.0
121nexus,697.0015612799999,697.0015612799999,40.5,1.0,7.0,1.0,4.5,0.0,0.0,162.0,4.0,4.0,0.0,34500.0,0.0,0.005,4080959.0,11461.192391304348,0.0,0.0,5711918.0,0.0
1stdibs,496.00111104,496.00111104,0.0,0.0,0.0,0.0,0.0,0.0,0.0,0.0,0.0,0.0,0.0,1.0,0.0,0.005,4570000.0,11461.192391304348,0.0,0.0,4250959.0,0.0
24Symbols,1208.00270592,1208.00270592,0.0,0.0,0.0,0.0,0.0,0.0,0.0,0.0,0.0,0.0,0.0,1.0,0.0,0.005,2469500.1,11461.192391304348,0.0,0.0,2390959.0,0.0
42Floors,351.00078624,801.00179424,321.5,2.125,14.75,0.0,0.0,0.0,0.0,2572.0,17.0,0.0,0.0,400000.0,1.0,0.7,5380001.2,5000000.0,1.0,1.0,4375002.1,5000000.0
500Friends,820.0018368,1517.00339808,365.0,1.0,10.0,4.0,38.666666666666664,0.3333333333333333,2.6666666666666665,1095.0,3.0,12.0,1.0,1400000.0,1.0,0.6,7180000.1,4500000.0,1.0,1.0,5220000.1,4500000.0
72Lux,526.0011782400001,526.0011782400001,0.0,0.0,0.0,0.0,0.0,0.0,0.0,0.0,0.0,0.0,0.0,1400000.0,0.0,0.005,5778470.2,11461.192391304348,0.0,0.0,5975000.3,0.0
99dresses,681.00152544,681.00152544,23.0,1.0,8.0,0.0,0.0,0.0,0.0,46.0,2.0,0.0,0.0,105651.0,0.0,0.005,4385001.0,11461.192391304348,0.0,0.0,3820002.0,0.0
9GAG,559.00125216,559.00125216,145.4,1.4,12.0,0.0,0.0,0.0,0.0,727.0,7.0,0.0,0.0,2800000.0,0.0,0.1,11150000.0,11461.192391304348,0.0,0.0,6800000.0,0.0
ALOHA,81.00018144,81.00018144,0.0,0.0,0.0,0.0,0.0,0.0,0.0,0.0,0.0,0.0,0.0,4000000.0,0.0,0.005,15450000.0,11461.192391304348,0.0,0.0,15000000.0,0.0
AboutOne,214.00047936,1015.0022736,11.0,1.0,7.0,0.0,0.0,0.0,0.0,11.0,1.0,0.0,0.0,100000.0,1.0,0.7,3187001.0,1800000.0,1.0,1.0,4835001.0,1800000.0
AccelGolf,1613.00361312,1613.00361312,0.0,0.0,0.0,0.0,0.0,0.0,0.0,0.0,0.0,0.0,0.0,18000.0,0.0,0.005,3062500.1,11461.192391304348,0.0,0.0,3770000.3,0.0
Accelereach,1653.00370272,1653.00370272,0.0,0.0,0.0,0.0,0.0,0.0,0.0,0.0,0.0,0.0,0.0,50000.0,0.0,0.005,3207500.1,11461.192391304348,0.0,0.0,3770000.3,0.0
Adap.tv,150.000336,2565.0057456,0.0,0.0,0.0,0.0,0.0,0.0,0.0,0.0,0.0,0.0,0.0,1000000.0,1.0,0.9949823996655518,5433470.1,10000000.0,1.0,1.0,5875000.1,10000000.0
AdhereTech,515.50115472,515.50115472,65.0,1.0,6.0,0.0,0.0,0.3333333333333333,2.0,390.0,6.0,0.0,2.0,310000.0,0.0,0.1,5443836.1,11461.192391304348,0.0,0.0,4440001.0,0.0
Adioso,1693.6704604800004,1693.6704604800004,128.2,1.0,6.8,0.0,0.0,0.0,0.0,1923.0,15.0,0.0,0.0,118333.33333333333,0.0,0.1,4290000.1,11461.192391304348,0.0,0.0,4890000.0,0.0
Admittedly,251.00056224,251.00056224,0.0,0.0,0.0,0.0,0.0,0.0,0.0,0.0,0.0,0.0,0.0,40000.0,0.0,0.005,2603001.0,11461.192391304348,0.0,0.0,4415959.0,0.0
Airbnb,633.00141792,1820.0040768,743.5,1.0,10.0,2.5,21.0,0.0,0.0,2974.0,4.0,10.0,0.0,310000.0,1.0,0.9949823996655518,4805959.1,7200000.0,1.0,1.0,4070000.1,7200000.0
Ambassador,1044.50233968,1044.50233968,0.0,0.0,0.0,0.0,0.0,0.0,0.0,0.0,0.0,0.0,0.0,9000.5,0.0,0.005,3240000.1,11461.192391304348,0.0,0.0,2415959.0,0.0
Amicus,596.00133504,596.00133504,147.0,1.0,9.0,0.0,0.0,0.0,0.0,882.0,6.0,0.0,0.0,1890000.0,0.0,0.1,8250000.0,11461.192391304348,0.0,0.0,6600000.1,0.0
Andtix,588.00131712,588.00131712,0.0,0.0,0.0,0.0,0.0,0.0,0.0,0.0,0.0,0.0,0.0,75000.0,0.0,0.005,4315001.0,11461.192391304348,0.0,0.0,4690959.0,0.0
Antavo,674.00150976,674.00150976,0.0,0.0,0.0,0.0,0.0,0.0,0.0,0.0,0.0,0.0,0.0,50000.0,0.0,0.005,3915001.0,11461.192391304348,0.0,0.0,4440959.0,0.0
AnyCloud,832.00186368,832.00186368,54.5,1.0,5.0,1.0,5.0,0.0,0.0,218.0,4.0,4.0,0.0,62500.0,0.0,0.005,4590000.0,11461.192391304348,0.0,0.0,5211918.0,0.0
AnyPerk,381.33418752000006,381.33418752000006,415.5,1.5,10.0,0.0,0.0,0.0,0.0,2493.0,9.0,0.0,0.0,466667.3333333333,0.0,0.1,4635960.2,11461.192391304348,0.0,0.0,4095001.2,0.0
AppAddictive,752.00168448,752.00168448,0.0,0.0,0.0,0.0,0.0,0.0,0.0,0.0,0.0,0.0,0.0,1200000.0,0.0,0.2,7700000.0,11461.192391304348,0.0,0.0,6250000.3,0.0
AppStack,683.00152992,683.00152992,0.0,0.0,0.0,0.0,0.0,0.0,0.0,0.0,0.0,0.0,0.0,1500000.0,0.0,0.005,10080000.0,11461.192391304348,0.0,0.0,7035000.1,0.0
Appifier,627.00140448,627.00140448,0.0,0.0,0.0,0.0,0.0,0.0,0.0,0.0,0.0,0.0,0.0,212000.0,0.0,0.005,5595960.0,11461.192391304348,0.0,0.0,5720959.0,0.0
Apptentive,491.00109984,491.00109984,0.0,0.0,0.0,0.0,0.0,0.0,0.0,0.0,0.0,0.0,0.0,600000.5,0.0,0.005,4666940.2,11461.192391304348,0.0,0.0,6725000.1,0.0
Apptimize,135.50030352000002,135.50030352000002,125.25,1.0,9.0,1.0,7.5,0.0,0.0,1002.0,8.0,8.0,0.0,1050000.5,0.0,0.005,8550000.1,11461.192391304348,0.0,0.0,6080000.0,0.0
Ark,1360.6697145599999,1360.6697145599999,1011.0,1.0,10.0,1.0,7.0,1.0,4.0,3033.0,3.0,3.0,3.0,1750000.3333333333,0.0,0.005,11085000.0,11461.192391304348,0.0,0.0,8235000.0,0.0
Asana,449.00100576,1987.00445088,1555.0,1.5,15.0,2.0,19.0,0.0,0.0,6220.0,6.0,8.0,0.0,1.0,1.0,0.9,4765000.0,9000000.0,1.0,1.0,3638000.0,9000000.0
Assembly,404.00090496,404.00090496,128.33333333333334,1.0,10.0,0.0,0.0,0.3333333333333333,3.3333333333333335,770.0,6.0,0.0,2.0,1.0,0.0,0.2,5690959.0,11461.192391304348,0.0,0.0,5650001.0,0.0
Athos,75.000168,75.000168,1799.25,1.5,12.0,8.0,69.5,1.25,10.0,7197.0,6.0,32.0,5.0,3500000.0,0.0,0.1,13715000.0,11461.192391304348,0.0,0.0,7725000.0,0.0
Atomic Reach,750.0016800000001,756.00169344,0.0,0.0,0.0,0.0,0.0,0.0,0.0,0.0,0.0,0.0,0.0,700000.0,1.0,0.8,4525000.0,2750000.0,1.0,1.0,6015000.2,2750000.0
Attender,557.00124768,557.00124768,0.0,0.0,0.0,0.0,0.0,0.0,0.0,0.0,0.0,0.0,0.0,25000.0,0.0,0.005,4010000.0,11461.192391304348,0.0,0.0,5040959.0,0.0
Atticous,678.00151872,678.00151872,0.0,0.0,0.0,0.0,0.0,0.0,0.0,0.0,0.0,0.0,0.0,25000.0,0.0,0.005,3957500.0,11461.192391304348,0.0,0.0,4130959.0,0.0
Auctomatic,2596.00581504,2596.00581504,2880.0,0.0,0.0,33.0,316.0,0.0,0.0,2880.0,0.0,33.0,0.0,1.0,0.0,0.1,7360000.2,11461.192391304348,0.0,0.0,5110000.3,0.0
August,322.00072128,404.00090496,0.0,0.0,0.0,0.0,0.0,0.0,0.0,0.0,0.0,0.0,0.0,2000000.0,1.0,0.8,12160000.0,8000000.0,1.0,1.0,12770000.0,8000000.0
Aurality,692.00155008,692.00155008,139.5,2.0,10.5,0.0,0.0,0.0,0.0,279.0,4.0,0.0,0.0,300000.0,0.0,0.1,3140959.2,11461.192391304348,0.0,0.0,4275001.2,0.0
BabyList,229.00051296,229.00051296,0.0,0.0,0.0,0.0,0.0,0.0,0.0,0.0,0.0,0.0,0.0,620000.0,0.0,0.005,4425001.0,11461.192391304348,0.0,0.0,4700001.1,0.0
BackType,1670.3370748799998,1670.3370748799998,421.5,1.0,10.0,0.0,0.0,0.0,0.0,2529.0,6.0,0.0,0.0,438333.3333333333,0.0,0.005,6735000.2,11461.192391304348,0.0,0.0,7025001.0,0.0
Badgy,578.00129472,578.00129472,0.0,0.0,0.0,0.0,0.0,0.0,0.0,0.0,0.0,0.0,0.0,350000.0,0.0,0.005,3300001.0,11461.192391304348,0.0,0.0,3850959.2,0.0
BaubleBar,626.00140224,1192.00267008,0.0,0.0,0.0,0.0,0.0,0.0,0.0,0.0,0.0,0.0,0.0,1100000.0,1.0,0.9949823996655518,5155000.0,4500000.0,1.0,1.0,5000000.3,4500000.0
Baydin,1327.00297248,1327.00297248,0.0,0.0,0.0,0.0,0.0,0.0,0.0,0.0,0.0,0.0,0.0,196500.0,0.0,0.005,3770000.1,11461.192391304348,0.0,0.0,4315959.0,0.0
Bazaart,636.00142464,636.00142464,0.0,0.0,0.0,0.0,0.0,0.0,0.0,0.0,0.0,0.0,0.0,25000.0,0.0,0.1,3980000.0,11461.192391304348,0.0,0.0,4400959.0,0.0
Beetailer,1057.00236768,1057.00236768,26.5,1.0,4.0,0.0,0.0,0.0,0.0,53.0,2.0,0.0,0.0,1.0,0.0,0.005,3640000.1,11461.192391304348,0.0,0.0,2205002.0,0.0
Bespoke Post,688.66820928,688.66820928,0.0,0.0,0.0,0.0,0.0,0.0,0.0,0.0,0.0,0.0,0.0,291667.0,0.0,0.005,4135960.0,11461.192391304348,0.0,0.0,3220959.2,0.0
BetterFit Technologies,488.3344272000001,488.3344272000001,0.0,0.0,0.0,0.0,0.0,0.0,0.0,0.0,0.0,0.0,0.0,147666.66666666666,0.0,0.005,4985001.0,11461.192391304348,0.0,0.0,5661918.0,0.0
Bilbus,954.00213696,954.00213696,0.0,0.0,0.0,0.0,0.0,0.0,0.0,0.0,0.0,0.0,0.0,50000.0,0.0,0.005,3240000.1,11461.192391304348,0.0,0.0,3320959.0,0.0
Binpress,261.50058576000004,261.50058576000004,0.0,0.0,0.0,0.0,0.0,0.0,0.0,0.0,0.0,0.0,0.0,25000.5,0.0,0.005,2578000.0,11461.192391304348,0.0,0.0,4415959.0,0.0
BioBeats,192.00043008,192.00043008,122.33333333333333,2.6666666666666665,15.333333333333334,1.3333333333333333,7.666666666666667,0.0,0.0,367.0,8.0,4.0,0.0,650000.0,0.0,0.005,6900000.1,11461.192391304348,0.0,0.0,6325001.0,0.0
Biographicon,2445.0054768,2445.0054768,0.0,0.0,0.0,0.0,0.0,0.0,0.0,0.0,0.0,0.0,0.0,1.0,0.0,0.005,4500000.6,11461.192391304348,0.0,0.0,2985000.4,0.0
BitGym,877.00196448,877.00196448,72.66666666666667,1.0,8.0,0.0,0.0,0.0,0.0,436.0,6.0,0.0,0.0,1.0,0.0,0.1,3540000.0,11461.192391304348,0.0,0.0,4375001.0,0.0
BizeeBee,1018.00228032,1018.00228032,666.0,1.0,9.0,1.0,9.0,0.0,0.0,666.0,1.0,1.0,0.0,435000.0,0.0,0.005,3490000.1,11461.192391304348,0.0,0.0,3800961.1,0.0
Blossom,685.0015344,685.0015344,0.0,0.0,0.0,0.0,0.0,0.0,0.0,0.0,0.0,0.0,0.0,40000.0,0.0,0.005,3692501.0,11461.192391304348,0.0,0.0,4440959.0,0.0
Bluefields,359.00080416000003,359.00080416000003,0.0,0.0,0.0,0.0,0.0,0.0,0.0,0.0,0.0,0.0,0.0,1000000.0,0.0,0.005,7900000.0,11461.192391304348,0.0,0.0,7635000.1,0.0
Bluefin Labs,518.00116032,1745.0039088,0.0,0.0,0.0,0.0,0.0,0.0,0.0,0.0,0.0,0.0,0.0,1200000.0,1.0,0.9949823996655518,6468470.1,6000000.0,1.0,1.0,3250410.6,6000000.0
Bombfell,520.0011648,520.0011648,0.0,0.0,0.0,0.0,0.0,0.0,0.0,0.0,0.0,0.0,0.0,365000.5,0.0,0.005,3758471.1,11461.192391304348,0.0,0.0,4220959.2,0.0
Boundless,4.00000896,679.00152096,0.0,0.0,0.0,0.0,0.0,0.0,0.0,0.0,0.0,0.0,0.0,1700000.0,1.0,0.8,13210000.0,8000000.0,1.0,1.0,12310000.0,8000000.0
Brainient,687.00153888,1443.0032323199998,0.0,0.0,0.0,0.0,0.0,0.0,0.0,0.0,0.0,0.0,0.0,425000.0,1.0,0.9,3695001.0,1800000.0,1.0,1.0,3710959.3,1800000.0
BrightNest,831.00186144,831.00186144,0.0,0.0,0.0,0.0,0.0,0.0,0.0,0.0,0.0,0.0,0.0,950000.0,0.0,0.005,6325000.0,11461.192391304348,0.0,0.0,4795000.2,0.0
BugHerd,746.00167104,746.00167104,0.0,0.0,0.0,0.0,0.0,0.0,0.0,0.0,0.0,0.0,0.0,550000.0,0.0,0.005,3795000.0,11461.192391304348,0.0,0.0,7410000.2,0.0
BuildZoom,332.00074368,332.00074368,106.0,1.0,8.0,2.0,16.5,0.0,0.0,424.0,4.0,8.0,0.0,706500.0,0.0,0.005,7455000.1,11461.192391304348,0.0,0.0,4325001.1,0.0
BuildingLayer,984.00220416,984.00220416,0.0,0.0,0.0,0.0,0.0,0.0,0.0,0.0,0.0,0.0,0.0,20000.0,0.0,0.005,3190000.1,11461.192391304348,0.0,0.0,2970959.0,0.0
BuzzTable,562.00125888,562.00125888,0.0,0.0,0.0,0.0,0.0,0.0,0.0,0.0,0.0,0.0,0.0,341667.0,0.0,0.005,3300001.0,11461.192391304348,0.0,0.0,3850959.2,0.0
CANDDi,1258.5028190399998,1258.5028190399998,36.0,1.0,5.0,0.0,0.0,0.0,0.0,144.0,4.0,0.0,0.0,60000.0,0.0,0.005,3769500.0,11461.192391304348,0.0,0.0,4370960.0,0.0
Campalyst,819.00183456,819.00183456,0.0,0.0,0.0,0.0,0.0,0.0,0.0,0.0,0.0,0.0,0.0,1.0,0.0,0.005,2740000.1,11461.192391304348,0.0,0.0,2230959.0,0.0
Campus Shift,649.00145376,649.00145376,0.0,0.0,0.0,0.0,0.0,0.0,0.0,0.0,0.0,0.0,0.0,15000.0,0.0,0.005,3200000.0,11461.192391304348,0.0,0.0,4250959.0,0.0
Canary Calendar,747.00167328,747.00167328,0.0,0.0,0.0,0.0,0.0,0.0,0.0,0.0,0.0,0.0,0.0,1.0,0.0,0.005,2647500.0,11461.192391304348,0.0,0.0,2840959.0,0.0
Cardpool,1682.5037688,1682.5037688,112.0,1.5,13.5,0.0,0.0,0.0,0.0,448.0,6.0,0.0,0.0,1.0,0.0,0.005,4260000.1,11461.192391304348,0.0,0.0,5315000.0,0.0
CashBet,770.0017248,770.0017248,44.0,1.0,7.0,0.0,0.0,0.0,0.0,88.0,2.0,0.0,0.0,200000.0,0.0,0.005,4075001.1,11461.192391304348,0.0,0.0,4226919.0,0.0
Catapulter,1349.00302176,1349.00302176,0.0,0.0,0.0,0.0,0.0,0.0,0.0,0.0,0.0,0.0,0.0,20000.0,0.0,0.005,2644500.1,11461.192391304348,0.0,0.0,2910959.0,0.0
Chalkable,523.00117152,523.00117152,0.0,0.0,0.0,0.0,0.0,0.0,0.0,0.0,0.0,0.0,0.0,1300000.0,0.0,0.005,5998470.1,11461.192391304348,0.0,0.0,4790000.3,0.0
Chartbeat,1257.00281568,1257.00281568,0.0,0.0,0.0,0.0,0.0,0.0,0.0,0.0,0.0,0.0,0.0,3000000.0,0.0,0.005,9440000.0,11461.192391304348,0.0,0.0,12080000.0,0.0
Chartio,517.00115808,1349.00302176,0.0,0.0,0.0,0.0,0.0,0.0,0.0,0.0,0.0,0.0,0.0,1290000.0,1.0,0.9949823996655518,6468470.1,3150000.0,1.0,1.0,3941940.5,3150000.0
Chewse,314.00070336,314.00070336,0.0,0.0,0.0,0.0,0.0,0.0,0.0,0.0,0.0,0.0,0.0,1000000.0,0.0,0.005,7515000.0,11461.192391304348,0.0,0.0,6395000.1,0.0
ChickRx,771.00172704,771.00172704,132.5,1.0,8.0,0.0,0.0,0.0,0.0,530.0,4.0,0.0,0.0,10000.5,0.0,0.005,3860000.0,11461.192391304348,0.0,0.0,4225960.0,0.0
Chirply,1039.00232736,1039.00232736,257.5,1.5,7.0,0.0,0.0,0.0,0.0,515.0,3.0,0.0,0.0,1100000.0,0.0,0.005,5150000.0,11461.192391304348,0.0,0.0,5345000.0,0.0
Chute,310.50069551999997,588.5013182399999,454.0,1.3333333333333333,10.666666666666666,0.3333333333333333,2.3333333333333335,0.0,0.0,2724.0,8.0,2.0,0.0,1360000.0,1.0,0.8,6570000.2,7000000.0,1.0,1.0,6340000.1,7000000.0
CircleCI,346.00077504,349.00078176,0.0,0.0,0.0,0.0,0.0,0.0,0.0,0.0,0.0,0.0,0.0,1500000.0,1.0,0.6,12420000.0,6000000.0,1.0,1.0,10650000.0,6000000.0
CitalDoc,763.00170912,763.00170912,0.0,0.0,0.0,0.0,0.0,0.0,0.0,0.0,0.0,0.0,0.0,25000.0,0.0,0.005,2997500.0,11461.192391304348,0.0,0.0,3510959.0,0.0
CitySpark,454.00101696,454.00101696,0.0,0.0,0.0,0.0,0.0,0.0,0.0,0.0,0.0,0.0,0.0,650000.0,0.0,0.005,5400410.3,11461.192391304348,0.0,0.0,7333470.2,0.0
ClassDojo,700.001568,700.001568,0.0,0.0,0.0,0.0,0.0,0.0,0.0,0.0,0.0,0.0,0.0,800000.5,0.0,0.005,5035000.0,11461.192391304348,0.0,0.0,7555000.2,0.0
Clever,480.50107632000004,546.5012241600001,209.33333333333334,1.0,10.0,0.0,0.0,0.0,0.0,1256.0,6.0,0.0,0.0,1510000.0,1.0,0.7,8925000.0,10000000.0,1.0,1.0,7380000.0,10000000.0
Click With Me Now,542.5012152,542.5012152,0.0,0.0,0.0,0.0,0.0,0.0,0.0,0.0,0.0,0.0,0.0,400000.0,0.0,0.005,3833471.1,11461.192391304348,0.0,0.0,3920959.2,0.0
Clickpass,2445.0054768,2445.0054768,406.0,2.0,17.0,0.0,0.0,0.0,0.0,812.0,4.0,0.0,0.0,20000.0,0.0,0.1,6270000.4,11461.192391304348,0.0,0.0,3910000.3,0.0
CloudMine,892.00199808,892.00199808,0.0,0.0,0.0,0.0,0.0,0.0,0.0,0.0,0.0,0.0,0.0,20000.0,0.0,0.005,3090000.1,11461.192391304348,0.0,0.0,2940959.0,0.0
Cloudability,198.00044351999998,775.0017359999999,0.0,0.0,0.0,0.0,0.0,0.0,0.0,0.0,0.0,0.0,0.0,550000.5,1.0,0.9949823996655518,4825000.0,8700000.0,1.0,1.0,8010001.1,8700000.0
ClrTouch,892.00199808,892.00199808,0.0,0.0,0.0,0.0,0.0,0.0,0.0,0.0,0.0,0.0,0.0,20000.0,0.0,0.005,3090000.1,11461.192391304348,0.0,0.0,2940959.0,0.0
CoachUp,372.00083328,452.00101248,0.0,0.0,0.0,0.0,0.0,0.0,0.0,0.0,0.0,0.0,0.0,2700000.0,1.0,0.8,12360000.0,6700000.0,1.0,1.0,13570000.0,6700000.0
Codility,1598.00357952,1598.00357952,0.0,0.0,0.0,0.0,0.0,0.0,0.0,0.0,0.0,0.0,0.0,50000.0,0.0,0.005,3062500.1,11461.192391304348,0.0,0.0,3770000.3,0.0
Cody,496.00111104,496.00111104,117.5,1.5,9.0,0.0,0.0,0.0,0.0,235.0,3.0,0.0,0.0,300000.0,0.0,0.1,4843836.2,11461.192391304348,0.0,0.0,2535962.2,0.0
Cognection,1045.0023408,1045.0023408,0.0,0.0,0.0,0.0,0.0,0.0,0.0,0.0,0.0,0.0,0.0,25000.0,0.0,0.005,3790000.1,11461.192391304348,0.0,0.0,2465959.0,0.0
Coinbase,237.00053088,515.0011536,216.5,1.0,10.0,0.0,0.0,0.0,0.0,433.0,2.0,0.0,0.0,600000.0,1.0,0.9,4438003.0,6109590.0,1.0,1.0,3175001.1,6109590.0
Colingo,81.00018144,81.00018144,160.0,1.0,10.0,0.0,0.0,0.0,0.0,160.0,1.0,0.0,0.0,2400000.0,0.0,0.005,14450000.0,11461.192391304348,0.0,0.0,11130000.0,0.0
Communities for Cause,116.00025984,116.00025984,0.0,0.0,0.0,0.0,0.0,0.0,0.0,0.0,0.0,0.0,0.0,292500.0,0.0,0.005,2205003.0,11461.192391304348,0.0,0.0,2541920.1,0.0
CompStak,174.00038976,479.00107296,0.0,0.0,0.0,0.0,0.0,0.0,0.0,0.0,0.0,0.0,0.0,570000.0,1.0,0.8,4275001.0,4450000.0,1.0,1.0,3635001.1,4450000.0
Compilr,944.00211456,944.00211456,0.0,0.0,0.0,0.0,0.0,0.0,0.0,0.0,0.0,0.0,0.0,1.0,0.0,0.005,2640000.1,11461.192391304348,0.0,0.0,2350959.0,0.0
Contactually,340.0007616,340.0007616,0.0,0.0,0.0,0.0,0.0,0.0,0.0,0.0,0.0,0.0,0.0,1000000.0,0.0,0.005,7900000.0,11461.192391304348,0.0,0.0,7885000.1,0.0
Corengi,774.00173376,774.00173376,0.0,0.0,0.0,0.0,0.0,0.0,0.0,0.0,0.0,0.0,0.0,45000.0,0.0,0.005,3452501.0,11461.192391304348,0.0,0.0,4090959.0,0.0
Counsyl,1400.003136,2231.00499744,81.5,1.5,13.5,0.0,0.0,0.0,0.0,163.0,3.0,0.0,0.0,3500000.0,1.0,0.8,11080000.0,7500000.0,1.0,1.0,7560000.0,7500000.0
Couple,648.00145152,648.00145152,136.8,2.0,16.0,0.0,0.0,0.0,0.0,684.0,10.0,0.0,0.0,4200000.0,0.0,0.2,10700000.0,11461.192391304348,0.0,0.0,7855000.0,0.0
Creative Market,1076.00241024,1076.00241024,0.0,0.0,0.0,0.0,0.0,0.0,0.0,0.0,0.0,0.0,0.0,1000000.0,0.0,0.005,5220000.0,11461.192391304348,0.0,0.0,4380000.1,0.0
CredSimple,223.00049952,223.00049952,0.0,0.0,0.0,0.0,0.0,0.0,0.0,0.0,0.0,0.0,0.0,1.0,0.0,0.005,2120000.0,11461.192391304348,0.0,0.0,3620959.0,0.0
Credii,284.00063616,284.00063616,0.0,0.0,0.0,0.0,0.0,0.0,0.0,0.0,0.0,0.0,0.0,50000.0,0.0,0.005,2475001.0,11461.192391304348,0.0,0.0,5081918.0,0.0
CrowdHall,401.00089824,401.00089824,0.0,0.0,0.0,0.0,0.0,0.0,0.0,0.0,0.0,0.0,0.0,385000.0,0.0,0.1,4078471.1,11461.192391304348,0.0,0.0,4622877.1,0.0
CrowdMed,373.66750368,373.66750368,51.333333333333336,1.0,10.0,1.0,4.666666666666667,0.0,0.0,462.0,9.0,9.0,0.0,793333.3333333334,0.0,0.005,6265001.1,11461.192391304348,0.0,0.0,4015001.1,0.0
CrowdTwist,224.50050288,1098.50246064,0.0,0.0,0.0,0.0,0.0,0.0,0.0,0.0,0.0,0.0,0.0,375000.5,1.0,0.9949823996655518,2675001.0,6000000.0,1.0,1.0,5255960.1,6000000.0
Crowdbooster,1242.00278208,1242.00278208,0.0,0.0,0.0,0.0,0.0,0.0,0.0,0.0,0.0,0.0,0.0,1.0,0.0,0.005,2494500.1,11461.192391304348,0.0,0.0,2390959.0,0.0
Crowdtilt,309.00069216,633.00141792,105.0,1.0,10.0,0.0,0.0,0.0,0.0,210.0,2.0,0.0,0.0,2100000.0,1.0,0.9,11260000.0,12000000.0,1.0,1.0,10080000.0,12000000.0
Crunchbutton,314.00070336,314.00070336,0.0,0.0,0.0,0.0,0.0,0.0,0.0,0.0,0.0,0.0,0.0,430000.0,0.0,0.005,4640001.0,11461.192391304348,0.0,0.0,4642877.1,0.0
Cubie,464.00103936,464.00103936,0.0,0.0,0.0,0.0,0.0,0.0,0.0,0.0,0.0,0.0,0.0,1100000.0,0.0,0.005,5763470.1,11461.192391304348,0.0,0.0,5020000.2,0.0
Culture Kitchen,976.00218624,976.00218624,0.0,0.0,0.0,0.0,0.0,0.0,0.0,0.0,0.0,0.0,0.0,1.0,0.0,0.005,2640000.1,11461.192391304348,0.0,0.0,2380959.0,0.0
CumuLogic,333.00074592,333.00074592,0.0,0.0,0.0,0.0,0.0,0.0,0.0,0.0,0.0,0.0,0.0,250000.0,0.0,0.005,4285960.0,11461.192391304348,0.0,0.0,5042877.0,0.0
Cuponomia,496.00111104,496.00111104,0.0,0.0,0.0,0.0,0.0,0.0,0.0,0.0,0.0,0.0,0.0,1.0,0.0,0.005,4570000.0,11461.192391304348,0.0,0.0,4250959.0,0.0
Custora,950.5021291200001,950.5021291200001,0.0,0.0,0.0,0.0,0.0,0.0,0.0,0.0,0.0,0.0,0.0,1.0,0.0,0.005,2640000.1,11461.192391304348,0.0,0.0,2350959.0,0.0
DailyBooth,566.00126784,1635.0036624,316.0,2.0,14.0,1.0,3.0,0.0,0.0,316.0,2.0,1.0,0.0,15000.0,1.0,0.9949823996655518,3316000.2,6000000.0,1.0,1.0,5820000.0,6000000.0
DailyBurn,1915.0042896,1915.0042896,75.0,1.0,9.0,1.0,6.0,0.0,0.0,150.0,2.0,2.0,0.0,270000.0,0.0,0.005,8005000.1,11461.192391304348,0.0,0.0,4860000.0,0.0
Dakwak,284.00063616,284.00063616,0.0,0.0,0.0,0.0,0.0,0.0,0.0,0.0,0.0,0.0,0.0,600000.0,0.0,0.005,4325001.0,11461.192391304348,0.0,0.0,5350001.1,0.0
Dashbell,395.33421888,395.33421888,0.0,0.0,0.0,0.0,0.0,0.0,0.0,0.0,0.0,0.0,0.0,351000.0,0.0,0.005,4978471.1,11461.192391304348,0.0,0.0,4622877.1,0.0
DataRank,170.66704896,170.66704896,0.0,0.0,0.0,0.0,0.0,0.0,0.0,0.0,0.0,0.0,0.0,466667.3333333333,0.0,0.2,3300002.0,11461.192391304348,0.0,0.0,2800961.1,0.0
Datadog,572.0012812800001,1017.00227808,0.0,0.0,0.0,0.0,0.0,0.0,0.0,0.0,0.0,0.0,0.0,1200000.0,1.0,0.9949823996655518,6945000.0,6200000.0,1.0,1.0,4915000.3,6200000.0
Dealflicks,284.00063616,284.00063616,0.0,0.0,0.0,0.0,0.0,0.0,0.0,0.0,0.0,0.0,0.0,1.0,0.0,0.005,2480000.0,11461.192391304348,0.0,0.0,4681918.0,0.0
DiJiPOP,1653.00370272,1653.00370272,0.0,0.0,0.0,0.0,0.0,0.0,0.0,0.0,0.0,0.0,0.0,1000000.0,0.0,0.2,5873470.1,11461.192391304348,0.0,0.0,6520000.0,0.0
Disqus,291.00065184,2445.0054768,80.5,1.0,10.0,0.0,0.0,0.0,0.0,161.0,2.0,0.0,0.0,1.0,1.0,0.9949823996655518,2643001.1,500000.0,1.0,1.0,3356959.2,500000.0
DoApp,2476.00554624,2476.00554624,0.0,0.0,0.0,0.0,0.0,0.0,0.0,0.0,0.0,0.0,0.0,1.0,0.0,0.005,4500000.6,11461.192391304348,0.0,0.0,2985000.4,0.0
DocASAP,158.00035392,158.00035392,0.0,0.0,0.0,0.0,0.0,0.0,0.0,0.0,0.0,0.0,0.0,799998.0,0.0,0.3,5328471.1,11461.192391304348,0.0,0.0,3453471.2,0.0
Docphin,641.00143584,641.00143584,73.66666666666667,1.0,8.0,0.0,0.0,0.0,0.0,442.0,6.0,0.0,0.0,500000.5,0.0,0.1,2825001.3,11461.192391304348,0.0,0.0,2870002.2,0.0
Donde,194.00043456,194.00043456,0.0,0.0,0.0,0.0,0.0,0.0,0.0,0.0,0.0,0.0,0.0,165000.0,0.0,0.1,1745001.0,11461.192391304348,0.0,0.0,3631918.0,0.0
DoorDash,345.0007728,345.0007728,0.0,0.0,0.0,0.0,0.0,0.0,0.0,0.0,0.0,0.0,0.0,1.0,0.0,0.005,3590000.0,11461.192391304348,0.0,0.0,4421918.0,0.0
DoubleRecall,727.00162848,727.00162848,88.5,1.5,11.25,0.0,0.0,0.0,0.0,354.0,6.0,0.0,0.0,1600000.0,0.0,0.1,7920000.0,11461.192391304348,0.0,0.0,7260000.0,0.0
Down,286.00064064000003,286.00064064000003,0.0,0.0,0.0,0.0,0.0,0.0,0.0,0.0,0.0,0.0,0.0,1000000.0,0.0,0.005,7070001.0,11461.192391304348,0.0,0.0,5420001.1,0.0
DraftKings,291.00065184,570.0012768,16.0,1.0,9.0,0.0,0.0,0.0,0.0,48.0,3.0,0.0,0.0,1400000.0,1.0,0.7,7080001.2,7000000.0,1.0,1.0,4885001.3,7000000.0
Drizly,18.00004032,18.00004032,12.5,1.0,7.0,0.0,0.0,0.0,0.0,50.0,4.0,0.0,0.0,2250000.0,0.0,0.005,15250000.0,11461.192391304348,0.0,0.0,10000000.0,0.0
Dropifi,535.0011984,535.0011984,0.0,0.0,0.0,0.0,0.0,0.0,0.0,0.0,0.0,0.0,0.0,50000.0,0.0,0.005,4245001.0,11461.192391304348,0.0,0.0,5590959.0,0.0
EDITD,978.00219072,978.00219072,0.0,0.0,0.0,0.0,0.0,0.0,0.0,0.0,0.0,0.0,0.0,1600000.0,0.0,0.005,8490000.0,11461.192391304348,0.0,0.0,7970000.0,0.0
Earbits,968.0021683199999,968.0021683199999,152.0,1.0,9.0,0.0,0.0,0.6666666666666666,6.0,456.0,3.0,0.0,2.0,605000.0,0.0,0.1,2635000.4,11461.192391304348,0.0,0.0,4690001.0,0.0
ElectNext,313.00070112,313.00070112,0.0,0.0,0.0,0.0,0.0,0.0,0.0,0.0,0.0,0.0,0.0,1300000.0,0.0,0.005,7610000.0,11461.192391304348,0.0,0.0,4520000.3,0.0
Embarke,118.00026432,118.00026432,0.0,0.0,0.0,0.0,0.0,0.0,0.0,0.0,0.0,0.0,0.0,1250000.0,0.0,0.005,9870000.0,11461.192391304348,0.0,0.0,4155001.2,0.0
Enhatch,507.00113568,507.00113568,0.0,0.0,0.0,0.0,0.0,0.0,0.0,0.0,0.0,0.0,0.0,250000.0,0.0,0.005,5796919.0,11461.192391304348,0.0,0.0,5525959.0,0.0
Eponym,770.0017248,770.0017248,0.0,0.0,0.0,0.0,0.0,0.0,0.0,0.0,0.0,0.0,0.0,1000000.0,0.0,0.1,5440000.0,11461.192391304348,0.0,0.0,5810000.2,0.0
EquityLancer,515.0011536,515.0011536,0.0,0.0,0.0,0.0,0.0,0.0,0.0,0.0,0.0,0.0,0.0,20000.0,0.0,0.005,4770000.0,11461.192391304348,0.0,0.0,5740959.0,0.0
Eventcheq,346.00077504,346.00077504,0.0,0.0,0.0,0.0,0.0,0.0,0.0,0.0,0.0,0.0,0.0,20000.0,0.0,0.005,3640000.0,11461.192391304348,0.0,0.0,4741918.0,0.0
EverTrue,751.00168224,1076.00241024,0.0,0.0,0.0,0.0,0.0,0.0,0.0,0.0,0.0,0.0,0.0,1.0,1.0,0.8,2069500.0,5250000.0,1.0,1.0,2365959.0,5250000.0
EveryMove,551.50123536,1029.00230496,541.5,4.0,17.0,3.0,8.0,0.0,0.0,4332.0,32.0,24.0,0.0,9000.5,1.0,0.7,4660000.0,3050000.0,1.0,1.0,4516000.0,3050000.0
Everypost,526.0011782400001,526.0011782400001,0.0,0.0,0.0,0.0,0.0,0.0,0.0,0.0,0.0,0.0,0.0,25000.0,0.0,0.005,4310000.0,11461.192391304348,0.0,0.0,5390959.0,0.0
Evisors,600.001344,600.001344,0.0,0.0,0.0,0.0,0.0,0.0,0.0,0.0,0.0,0.0,0.0,750000.0,0.0,0.1,3965000.0,11461.192391304348,0.0,0.0,5570000.2,0.0
Exec,625.0014,625.0014,782.3333333333334,2.3333333333333335,18.333333333333332,3.3333333333333335,30.333333333333332,0.3333333333333333,2.6666666666666665,2347.0,7.0,10.0,1.0,3300000.0,0.0,0.2,9255000.0,11461.192391304348,0.0,0.0,8025000.0,0.0
FIGS,222.00049728,222.00049728,49.5,1.0,8.0,0.0,0.0,0.0,0.0,99.0,2.0,0.0,0.0,2000000.0,0.0,0.005,10765000.0,11461.192391304348,0.0,0.0,10510000.0,0.0
Fabricly,1179.00264096,1179.00264096,6.0,3.0,12.0,0.0,0.0,0.0,0.0,6.0,3.0,0.0,0.0,400000.0,0.0,0.005,5050000.3,11461.192391304348,0.0,0.0,4695003.0,0.0
"Famigo, Inc.",682.00152768,682.00152768,0.0,0.0,0.0,0.0,0.0,0.0,0.0,0.0,0.0,0.0,0.0,1000000.0,0.0,0.005,5440000.0,11461.192391304348,0.0,0.0,7545000.2,0.0
FamilyLeaf,770.0017248,770.0017248,221.33333333333334,1.0,9.0,0.0,0.0,0.0,0.0,664.0,3.0,0.0,0.0,177000.0,0.0,0.005,5250000.0,11461.192391304348,0.0,0.0,4205960.0,0.0
FanChatter,1714.00383936,1714.00383936,73.0,2.0,11.0,0.0,0.0,0.0,0.0,146.0,4.0,0.0,0.0,20000.0,0.0,0.1,4350000.1,11461.192391304348,0.0,0.0,5325959.0,0.0
Fancred,232.5005208,232.5005208,0.0,0.0,0.0,0.0,0.0,0.0,0.0,0.0,0.0,0.0,0.0,809000.0,0.0,0.005,5778471.1,11461.192391304348,0.0,0.0,5138471.2,0.0
Faraday,345.0007728,345.0007728,32.5,1.25,6.25,0.0,0.0,0.75,3.75,130.0,5.0,0.0,3.0,130000.0,0.0,0.005,5032959.0,11461.192391304348,0.0,0.0,4335002.0,0.0
Farmeron,788.66843328,788.66843328,0.0,0.0,0.0,0.0,0.0,0.0,0.0,0.0,0.0,0.0,0.0,466667.3333333333,0.0,0.005,3100000.1,11461.192391304348,0.0,0.0,2970959.3,0.0
Fashion Project,420.50094192,420.50094192,0.0,0.0,0.0,0.0,0.0,0.0,0.0,0.0,0.0,0.0,0.0,900000.5,0.0,0.005,6021940.2,11461.192391304348,0.0,0.0,8625000.1,0.0
Fetchnotes,311.50069776,311.50069776,0.0,0.0,0.0,0.0,0.0,0.0,0.0,0.0,0.0,0.0,0.0,212500.5,0.0,0.005,5710960.0,11461.192391304348,0.0,0.0,6787877.0,0.0
Fieldwire,284.00063616,284.00063616,122.25,1.0,7.0,0.0,0.0,0.0,0.0,489.0,4.0,0.0,0.0,1.0,0.0,0.005,2747001.0,11461.192391304348,0.0,0.0,4576919.0,0.0
Fileboard,853.00191072,853.00191072,0.0,0.0,0.0,0.0,0.0,0.0,0.0,0.0,0.0,0.0,0.0,1.0,0.0,0.005,2740000.1,11461.192391304348,0.0,0.0,2250959.0,0.0
Firebase,392.00087808,626.00140224,421.0,1.0,10.0,0.0,0.0,0.0,0.0,842.0,2.0,0.0,0.0,1400000.0,1.0,0.9,7290000.2,5600000.0,1.0,1.0,6540000.1,5600000.0
FitnessKeeper,1532.00343168,1532.00343168,366.0,1.0,9.0,0.0,0.0,0.0,0.0,366.0,1.0,0.0,0.0,400000.0,0.0,0.1,5850000.3,11461.192391304348,0.0,0.0,7005001.1,0.0
Fitocracy,892.00199808,892.00199808,438.5,1.0,8.0,0.0,0.0,0.0,0.0,877.0,2.0,0.0,0.0,250000.0,0.0,0.005,3735000.1,11461.192391304348,0.0,0.0,4716919.1,0.0
Flashnotes,330.0007392,336.00075264,0.0,0.0,0.0,0.0,0.0,0.0,0.0,0.0,0.0,0.0,0.0,1650000.0,1.0,0.9,11750000.0,3600000.0,1.0,1.0,12950000.0,3600000.0
FlexMinder,425.50095311999996,800.50179312,0.0,0.0,0.0,0.0,0.0,0.0,0.0,0.0,0.0,0.0,0.0,85000.5,1.0,0.9,3525001.0,1400000.0,1.0,1.0,5090959.0,1400000.0
FlightCar,250.00055999999998,549.00122976,95.66666666666667,1.0,9.0,0.6666666666666666,3.3333333333333335,0.0,0.0,574.0,6.0,4.0,0.0,295000.5,0.0,0.5,2903001.1,5500000.0,1.0,1.0,3175001.1,5500000.0
Fligoo,251.00056224,251.00056224,0.0,0.0,0.0,0.0,0.0,0.0,0.0,0.0,0.0,0.0,0.0,118333.33333333333,0.0,0.005,2523001.0,11461.192391304348,0.0,0.0,3586918.0,0.0
Flipaste,557.00124768,557.00124768,12.0,1.0,5.0,0.0,0.0,0.0,0.0,12.0,1.0,0.0,0.0,25000.0,0.0,0.005,4122000.0,11461.192391304348,0.0,0.0,3600002.0,0.0
FlyData,863.00193312,863.00193312,0.0,0.0,0.0,0.0,0.0,0.0,0.0,0.0,0.0,0.0,0.0,680000.0,0.0,0.2,5275000.0,11461.192391304348,0.0,0.0,6245000.2,0.0
Fontacto,679.00152096,679.00152096,0.0,0.0,0.0,0.0,0.0,0.0,0.0,0.0,0.0,0.0,0.0,1.0,0.0,0.005,3177500.0,11461.192391304348,0.0,0.0,3010959.0,0.0
FoodEssentials,479.00107296000004,479.00107296000004,0.0,0.0,0.0,0.0,0.0,0.0,0.0,0.0,0.0,0.0,0.0,66666.66666666667,0.0,0.005,4605001.0,11461.192391304348,0.0,0.0,5161918.0,0.0
Foodspotting,138.00030912,1264.00283136,0.0,0.0,0.0,0.0,0.0,0.0,0.0,0.0,0.0,0.0,0.0,750000.0,1.0,0.9949823996655518,5191940.2,3000000.0,1.0,1.0,4525411.4,3000000.0
Foodzie,1995.50446992,1995.50446992,371.3333333333333,1.3333333333333333,12.666666666666666,0.0,0.0,0.0,0.0,2228.0,8.0,0.0,0.0,507500.0,0.0,0.3,12440000.0,11461.192391304348,0.0,0.0,8410001.0,0.0
FormaFina,139.00031136,139.00031136,0.0,0.0,0.0,0.0,0.0,0.0,0.0,0.0,0.0,0.0,0.0,1400000.0,0.0,0.005,9510000.1,11461.192391304348,0.0,0.0,5835001.2,0.0
Forrst,1053.00235872,1053.00235872,0.0,0.0,0.0,0.0,0.0,0.0,0.0,0.0,0.0,0.0,0.0,205000.0,0.0,0.005,4310000.2,11461.192391304348,0.0,0.0,4220959.0,0.0
Freshdesk,692.00155008,692.00155008,35.5,1.0,7.0,0.3333333333333333,2.3333333333333335,0.0,0.0,426.0,12.0,4.0,0.0,1051638.0,0.0,0.1,4825000.0,11461.192391304348,0.0,0.0,7275000.1,0.0
Freshplum,506.00113344000005,506.00113344000005,0.0,0.0,0.0,0.0,0.0,0.0,0.0,0.0,0.0,0.0,0.0,1141666.6666666667,0.0,0.005,6178470.1,11461.192391304348,0.0,0.0,4795000.3,0.0
Frontback,355.00079519999997,355.00079519999997,0.0,0.0,0.0,0.0,0.0,0.0,0.0,0.0,0.0,0.0,0.0,1955000.0,0.0,0.5,12150000.0,11461.192391304348,0.0,0.0,11820000.0,0.0
GazeHawk,1349.00302176,1349.00302176,176.0,1.0,10.0,0.0,0.0,0.0,0.0,352.0,2.0,0.0,0.0,1.0,0.0,0.005,3902000.0,11461.192391304348,0.0,0.0,3225960.0,0.0
Gecko Health Innovation (GeckoCap),515.0011536,515.0011536,0.0,0.0,0.0,0.0,0.0,0.0,0.0,0.0,0.0,0.0,0.0,50000.0,0.0,0.005,4705001.0,11461.192391304348,0.0,0.0,5940959.0,0.0
Geckoboard,636.00142464,1135.0025424,55.5,1.0,8.0,0.0,0.0,0.0,0.0,111.0,2.0,0.0,0.0,300000.0,1.0,0.9949823996655518,4415960.1,1500000.0,1.0,1.0,2455001.2,1500000.0
Genomera,1015.0022736,1015.0022736,137.33333333333334,2.0,11.0,1.6666666666666667,4.333333333333333,0.0,0.0,412.0,6.0,5.0,0.0,20000.0,0.0,0.005,4735000.0,11461.192391304348,0.0,0.0,5750000.0,0.0
Ginger.io,546.3345571199999,984.33553824,0.0,0.0,0.0,0.0,0.0,0.0,0.0,0.0,0.0,0.0,0.0,566667.3333333334,1.0,0.9949823996655518,7908470.1,6500000.0,1.0,1.0,4818470.3,6500000.0
GinzaMetrics,1115.66916576,1115.66916576,608.0,1.0,10.0,3.0,21.0,0.0,0.0,1824.0,3.0,9.0,0.0,571333.3333333334,0.0,0.005,3890000.2,11461.192391304348,0.0,0.0,4590001.1,0.0
Gizmo.com,831.00186144,831.00186144,0.0,0.0,0.0,0.0,0.0,0.0,0.0,0.0,0.0,0.0,0.0,340000.0,0.0,0.005,3470000.1,11461.192391304348,0.0,0.0,2870959.2,0.0
Glassmap,922.00206528,922.00206528,68.0,0.6666666666666666,4.666666666666667,0.0,0.0,0.0,0.0,204.0,2.0,0.0,0.0,1.0,0.0,0.005,3640000.0,11461.192391304348,0.0,0.0,3321918.0,0.0
Gliph,293.25065688,293.25065688,0.0,0.0,0.0,0.0,0.0,0.0,0.0,0.0,0.0,0.0,0.0,92000.0,0.0,0.005,3140001.0,11461.192391304348,0.0,0.0,4672877.0,0.0
Glooko,809.50181328,1196.00267904,0.0,0.0,0.0,0.0,0.0,0.0,0.0,0.0,0.0,0.0,0.0,1000000.0,1.0,0.9949823996655518,4915000.0,5250000.0,1.0,1.0,4080000.2,5250000.0
Gnip,-1287.00288288,884.00198016,894.25,2.5,16.25,2.5,16.25,0.0,0.0,3577.0,10.0,10.0,0.0,40000.0,1.0,0.8,4130001.0,1100000.0,1.0,1.0,3468000.0,1100000.0
GoChime,831.00186144,831.00186144,0.0,0.0,0.0,0.0,0.0,0.0,0.0,0.0,0.0,0.0,0.0,1.0,0.0,0.005,2740000.1,11461.192391304348,0.0,0.0,2230959.0,0.0
GrabCAD,397.25088984,1164.25260792,0.0,0.0,0.0,0.0,0.0,0.0,0.0,0.0,0.0,0.0,0.0,339000.5,1.0,0.9949823996655518,3641941.2,4000000.0,1.0,1.0,5880959.1,4000000.0
Grassroots Unwired,619.00138656,619.00138656,0.0,0.0,0.0,0.0,0.0,0.0,0.0,0.0,0.0,0.0,0.0,600000.0,0.0,0.1,3925000.0,11461.192391304348,0.0,0.0,4250000.2,0.0
Grooveshark,2596.00581504,2596.00581504,0.0,0.0,0.0,0.0,0.0,0.0,0.0,0.0,0.0,0.0,0.0,1000000.0,0.0,0.005,7515000.0,11461.192391304348,0.0,0.0,7215000.1,0.0
GroovinAds,923.00206752,923.00206752,0.0,0.0,0.0,0.0,0.0,0.0,0.0,0.0,0.0,0.0,0.0,25000.0,0.0,0.005,3190000.1,11461.192391304348,0.0,0.0,2940959.0,0.0
GroupTalent,595.50133392,595.50133392,0.0,0.0,0.0,0.0,0.0,0.0,0.0,0.0,0.0,0.0,0.0,500000.5,0.0,0.005,3655001.0,11461.192391304348,0.0,0.0,4850959.3,0.0
Guardly,11.00002464,11.00002464,164.0,1.0,6.0,0.0,0.0,0.5,3.0,656.0,4.0,0.0,2.0,1450000.0,0.0,0.1,11410000.0,11461.192391304348,0.0,0.0,7200000.1,0.0
Guerillapps,1166.00261184,1166.00261184,0.0,0.0,0.0,0.0,0.0,0.0,0.0,0.0,0.0,0.0,0.0,500000.0,0.0,0.1,4900000.2,11461.192391304348,0.0,0.0,3935959.1,0.0
Guidecentral,345.0007728,345.0007728,0.0,0.0,0.0,0.0,0.0,0.0,0.0,0.0,0.0,0.0,0.0,650000.0,0.0,0.005,6748470.1,11461.192391304348,0.0,0.0,8543470.2,0.0
Hailo,363.00081312,1045.0023408,0.0,0.0,0.0,0.0,0.0,0.0,0.0,0.0,0.0,0.0,0.0,3000000.0,1.0,0.9949823996655518,12360000.0,17000000.0,1.0,1.0,12908470.1,17000000.0
Happy Inspector,571.00127904,571.00127904,0.0,0.0,0.0,0.0,0.0,0.0,0.0,0.0,0.0,0.0,0.0,895000.0,0.0,0.2,5013470.1,11461.192391304348,0.0,0.0,8290000.2,0.0
Harry's,543.00121632,543.00121632,0.0,0.0,0.0,0.0,0.0,0.0,0.0,0.0,0.0,0.0,0.0,1.0,0.0,0.005,3860000.0,11461.192391304348,0.0,0.0,3900959.0,0.0
HaveMyShift,1613.00361312,1613.00361312,0.0,0.0,0.0,0.0,0.0,0.0,0.0,0.0,0.0,0.0,0.0,12000.0,0.0,0.005,2912500.1,11461.192391304348,0.0,0.0,3900000.2,0.0
HazelMail,557.00124768,557.00124768,0.0,0.0,0.0,0.0,0.0,0.0,0.0,0.0,0.0,0.0,0.0,25000.0,0.0,0.005,4010000.0,11461.192391304348,0.0,0.0,5040959.0,0.0
HealthRally,785.50175952,785.50175952,183.5,4.5,16.5,0.5,1.0,0.0,0.0,734.0,18.0,2.0,0.0,200000.5,0.0,0.005,4855000.0,11461.192391304348,0.0,0.0,4940000.0,0.0
HealthTap,258.00057792,1054.00236096,0.0,0.0,0.0,0.0,0.0,0.0,0.0,0.0,0.0,0.0,0.0,2350000.0,1.0,0.9949823996655518,12210000.0,11500000.0,1.0,1.0,11900000.0,11500000.0
Heroku,128.00028672,2231.00499744,0.0,0.0,0.0,0.0,0.0,0.0,0.0,0.0,0.0,0.0,0.0,20000.0,1.0,0.9949823996655518,2398001.1,3000000.0,1.0,1.0,4427959.0,3000000.0
Heyzap,465.0010416,1792.0040140800002,2069.0,1.5,14.5,2.5,23.5,0.0,0.0,8276.0,6.0,10.0,0.0,340000.0,1.0,0.9,5668470.1,3000000.0,1.0,1.0,3780002.1,3000000.0
HighScore House,940.0021056,940.0021056,0.0,0.0,0.0,0.0,0.0,0.0,0.0,0.0,0.0,0.0,0.0,142500.0,0.0,0.005,3310000.1,11461.192391304348,0.0,0.0,3290959.0,0.0
HighlightCam,911.00204064,1714.00383936,39.5,1.0,8.0,0.0,0.0,0.0,0.0,79.0,2.0,0.0,0.0,1.0,1.0,0.9,2852500.2,3000000.0,1.0,1.0,3430960.0,3000000.0
Highlighter,1198.00268352,1198.00268352,75.66666666666667,2.0,11.0,0.0,0.0,0.0,0.0,454.0,12.0,0.0,0.0,50000.5,0.0,0.1,3774500.0,11461.192391304348,0.0,0.0,5580000.0,0.0
HipCricket,117.00026208,117.00026208,0.0,0.0,0.0,0.0,0.0,0.0,0.0,0.0,0.0,0.0,0.0,9550000.0,0.0,0.005,15450000.0,11461.192391304348,0.0,0.0,14550000.0,0.0
Hively,828.00185472,828.00185472,0.0,0.0,0.0,0.0,0.0,0.0,0.0,0.0,0.0,0.0,0.0,25000.0,0.0,0.005,3190000.1,11461.192391304348,0.0,0.0,2850959.0,0.0
Holvi,923.00206752,923.00206752,0.0,0.0,0.0,0.0,0.0,0.0,0.0,0.0,0.0,0.0,0.0,250000.0,0.0,0.005,3245000.1,11461.192391304348,0.0,0.0,3690959.0,0.0
Homejoy,760.0017024,891.00199584,76.0,1.0,10.0,0.0,0.0,0.0,0.0,304.0,4.0,0.0,0.0,850000.5,1.0,0.7,4975001.0,1.0,1.0,1.0,4810000.0,1.0
Homeschool Snowboarding,825.001848,825.001848,0.0,0.0,0.0,0.0,0.0,0.0,0.0,0.0,0.0,0.0,0.0,25000.0,0.0,0.005,3190000.1,11461.192391304348,0.0,0.0,2850959.0,0.0
HubSpot,488.00109312,2841.00636384,0.0,0.0,0.0,0.0,0.0,0.0,0.0,0.0,0.0,0.0,0.0,500000.0,1.0,0.9949823996655518,4233471.2,5000000.0,1.0,1.0,4610959.2,5000000.0
Hundo,404.00090496,404.00090496,0.0,0.0,0.0,0.0,0.0,0.0,0.0,0.0,0.0,0.0,0.0,50000.0,0.0,0.005,4680001.0,11461.192391304348,0.0,0.0,4741918.0,0.0
IActionable,1380.0030912,1380.0030912,0.0,0.0,0.0,0.0,0.0,0.0,0.0,0.0,0.0,0.0,0.0,1.0,0.0,0.005,2742500.1,11461.192391304348,0.0,0.0,2235959.1,0.0
IM5,174.00038976,174.00038976,0.0,0.0,0.0,0.0,0.0,0.0,0.0,0.0,0.0,0.0,0.0,275000.0,0.0,0.005,2230002.0,11461.192391304348,0.0,0.0,2641920.1,0.0
IMRSV,1135.0025424,1135.0025424,0.0,0.0,0.0,0.0,0.0,0.0,0.0,0.0,0.0,0.0,0.0,18000.0,0.0,0.005,2667000.2,11461.192391304348,0.0,0.0,2585959.0,0.0
Iconfinder,679.00152096,679.00152096,0.0,0.0,0.0,0.0,0.0,0.0,0.0,0.0,0.0,0.0,0.0,165000.0,0.0,0.005,4635960.0,11461.192391304348,0.0,0.0,5670959.0,0.0
Ifbyphone,915.0020496,3326.00745024,0.0,0.0,0.0,0.0,0.0,0.0,0.0,0.0,0.0,0.0,0.0,1500000.0,1.0,0.8,8950000.0,3000000.0,1.0,1.0,5130000.0,3000000.0
ImpulseSave,476.50106736,476.50106736,0.0,0.0,0.0,0.0,0.0,0.0,0.0,0.0,0.0,0.0,0.0,1.0,0.0,0.005,4470000.0,11461.192391304348,0.0,0.0,4341918.0,0.0
InVenture,164.00036736,164.00036736,282.5,1.5,9.0,0.0,0.0,0.0,0.0,565.0,3.0,0.0,0.0,1200000.0,0.0,0.1,6940000.1,11461.192391304348,0.0,0.0,5980000.0,0.0
Influitive,130.0002912,549.00122976,1206.0,1.5,12.0,4.0,19.5,0.0,0.0,2412.0,3.0,8.0,0.0,3750000.0,0.0,0.5,10370000.0,7550000.0,1.0,1.0,6785000.0,7550000.0
Inhabi,984.00220416,984.00220416,0.0,0.0,0.0,0.0,0.0,0.0,0.0,0.0,0.0,0.0,0.0,14000.0,0.0,0.005,2640000.1,11461.192391304348,0.0,0.0,2850959.0,0.0
Instacart,268.00060032,482.00107968,340.3333333333333,1.0,9.0,0.0,0.0,0.0,0.0,1021.0,3.0,0.0,0.0,2300000.0,1.0,0.7,9770000.0,8500000.0,1.0,1.0,8675000.0,8500000.0
Instagram,334.00074816,1437.00321888,0.0,0.0,0.0,0.0,0.0,0.0,0.0,0.0,0.0,0.0,0.0,500000.0,1.0,0.9949823996655518,3895001.0,7000000.0,1.0,1.0,5110959.2,7000000.0
Invested.in,633.00141792,633.00141792,0.0,0.0,0.0,0.0,0.0,0.0,0.0,0.0,0.0,0.0,0.0,437500.0,0.0,0.2,3605001.0,11461.192391304348,0.0,0.0,3450959.2,0.0
Jack Erwin,159.00035616,162.00036288,0.0,0.0,0.0,0.0,0.0,0.0,0.0,0.0,0.0,0.0,0.0,750000.0,1.0,0.6,5328471.1,2000000.0,1.0,1.0,3643471.2,2000000.0
Joyent,1781.00398944,3326.00745024,0.0,0.0,0.0,0.0,0.0,0.0,0.0,0.0,0.0,0.0,0.0,1.0,1.0,0.8,5980000.2,1.0,1.0,1.0,4690000.3,1.0
Juristat,226.00050624,226.00050624,0.0,0.0,0.0,0.0,0.0,0.0,0.0,0.0,0.0,0.0,0.0,160000.0,0.0,0.1,1745001.0,11461.192391304348,0.0,0.0,3611918.0,0.0
Kaleidoscope,1075.002408,1075.002408,6.0,2.0,4.0,0.0,0.0,0.0,0.0,6.0,2.0,0.0,0.0,1.0,0.0,0.1,2792000.2,11461.192391304348,0.0,0.0,2370001.0,0.0
Kamcord,402.00090048,402.00090048,100.33333333333333,1.0,9.0,0.0,0.0,0.0,0.0,903.0,9.0,0.0,0.0,840000.0,0.0,0.2,6780000.1,11461.192391304348,0.0,0.0,5595000.0,0.0
KarmaKey,1370.0030688,1370.0030688,0.0,0.0,0.0,0.0,0.0,0.0,0.0,0.0,0.0,0.0,0.0,15000.0,0.0,0.005,2742500.1,11461.192391304348,0.0,0.0,2705959.1,0.0
KeepIdeas,1195.50267792,1195.50267792,0.0,0.0,0.0,0.0,0.0,0.0,0.0,0.0,0.0,0.0,0.0,92500.5,0.0,0.005,2739500.1,11461.192391304348,0.0,0.0,2950959.0,0.0
Keepio,923.00206752,923.00206752,0.0,0.0,0.0,0.0,0.0,0.0,0.0,0.0,0.0,0.0,0.0,255000.0,0.0,0.005,3245000.1,11461.192391304348,0.0,0.0,3470959.1,0.0
Keepstream,1380.0030912,1380.0030912,0.0,0.0,0.0,0.0,0.0,0.0,0.0,0.0,0.0,0.0,0.0,20000.0,0.0,0.005,2892500.1,11461.192391304348,0.0,0.0,2755959.1,0.0
Kicksend,829.00185696,829.00185696,183.5,1.0,10.0,0.0,0.0,0.0,0.0,367.0,2.0,0.0,0.0,1800000.0,0.0,0.1,8030000.0,11461.192391304348,0.0,0.0,11840000.0,0.0
Kinsights,1015.0022736,1015.0022736,111.5,1.0,7.0,0.0,0.0,0.0,0.0,446.0,4.0,0.0,0.0,20000.0,0.0,0.005,4470000.0,11461.192391304348,0.0,0.0,3790960.0,0.0
Kinvey,413.00092512000003,991.00221984,0.0,0.0,0.0,0.0,0.0,0.0,0.0,0.0,0.0,0.0,0.0,1009000.0,1.0,0.9949823996655518,7855000.0,5000000.0,1.0,1.0,6306940.3,5000000.0
Kippt,618.00138432,618.00138432,352.5,2.0,11.5,0.0,0.0,0.0,0.0,705.0,4.0,0.0,0.0,1.0,0.0,0.1,4210000.0,11461.192391304348,0.0,0.0,4245001.0,0.0
Kitchensurfing,49.00010976,360.0008064,0.0,0.0,0.0,0.0,0.0,0.0,0.0,0.0,0.0,0.0,0.0,1000000.0,1.0,0.7,7340001.0,3500000.0,1.0,1.0,5960001.1,3500000.0
Koemei,70.0001568,70.0001568,0.0,0.0,0.0,0.0,0.0,0.0,0.0,0.0,0.0,0.0,0.0,1.0,0.0,0.005,2095001.0,11461.192391304348,0.0,0.0,3620959.0,0.0
Kuratur,430.75096488,430.75096488,0.0,0.0,0.0,0.0,0.0,0.0,0.0,0.0,0.0,0.0,0.0,67750.0,0.0,0.005,4645001.0,11461.192391304348,0.0,0.0,4321918.0,0.0
Kwaga,1016.00227584,1775.003976,0.0,0.0,0.0,0.0,0.0,0.0,0.0,0.0,0.0,0.0,0.0,600000.0,1.0,0.8,4050000.1,1550000.0,1.0,1.0,3773470.2,1550000.0
Kwelia,885.0019824,885.0019824,84.66666666666667,1.0,6.0,0.0,0.0,0.0,0.0,254.0,3.0,0.0,0.0,20000.0,0.0,0.005,4020000.0,11461.192391304348,0.0,0.0,4165960.0,0.0
LIFEmee,1722.00385728,1722.00385728,0.0,0.0,0.0,0.0,0.0,0.0,0.0,0.0,0.0,0.0,0.0,100000.0,0.0,0.005,4645000.2,11461.192391304348,0.0,0.0,5510000.2,0.0
LaunchBit,552.00123648,552.00123648,0.0,0.0,0.0,0.0,0.0,0.0,0.0,0.0,0.0,0.0,0.0,960000.0,0.0,0.005,7973470.1,11461.192391304348,0.0,0.0,7845000.2,0.0
LaunchGram,496.00111104,496.00111104,0.0,0.0,0.0,0.0,0.0,0.0,0.0,0.0,0.0,0.0,0.0,50000.0,0.0,0.005,4705001.0,11461.192391304348,0.0,0.0,5940959.0,0.0
LaunchRock,824.00184576,824.00184576,0.0,0.0,0.0,0.0,0.0,0.0,0.0,0.0,0.0,0.0,0.0,800000.0,0.0,0.005,5375000.0,11461.192391304348,0.0,0.0,6645000.2,0.0
LaunchSide,827.00185248,827.00185248,0.0,0.0,0.0,0.0,0.0,0.0,0.0,0.0,0.0,0.0,0.0,25000.0,0.0,0.005,3190000.1,11461.192391304348,0.0,0.0,2850959.0,0.0
Lawdingo,463.00103712,463.00103712,178.0,1.0,8.0,0.0,0.0,0.0,0.0,178.0,1.0,0.0,0.0,100000.0,0.0,0.005,5411918.0,11461.192391304348,0.0,0.0,4647878.0,0.0
LayerBoom,1554.00348096,1554.00348096,0.0,0.0,0.0,0.0,0.0,0.0,0.0,0.0,0.0,0.0,0.0,200000.0,0.0,0.005,3060000.3,11461.192391304348,0.0,0.0,6655000.1,0.0
Leaky,922.00206528,922.00206528,32.666666666666664,1.6666666666666667,12.666666666666666,0.0,0.0,0.0,0.0,98.0,5.0,0.0,0.0,1.0,0.0,0.005,3125000.1,11461.192391304348,0.0,0.0,4055001.0,0.0
Leanplum,557.00124768,557.00124768,0.0,0.0,0.0,0.0,0.0,0.0,0.0,0.0,0.0,0.0,0.0,1.0,0.0,0.005,3560000.0,11461.192391304348,0.0,0.0,3900959.0,0.0
Leap Motion,334.00074816,975.002184,0.0,0.0,0.0,0.0,0.0,0.0,0.0,0.0,0.0,0.0,0.0,1300000.0,1.0,0.9949823996655518,7775000.0,12750000.0,1.0,1.0,7630000.2,12750000.0
Learnmetrics,361.00080864,361.00080864,0.0,0.0,0.0,0.0,0.0,0.0,0.0,0.0,0.0,0.0,0.0,100000.0,0.0,0.005,4240001.0,11461.192391304348,0.0,0.0,3912877.0,0.0
Leftronic,1180.0026432,1180.0026432,3.0,1.0,9.0,0.0,0.0,0.0,0.0,3.0,1.0,0.0,0.0,500000.0,0.0,0.1,4850000.1,11461.192391304348,0.0,0.0,5720002.1,0.0
LetsWombat,762.00170688,762.00170688,0.0,0.0,0.0,0.0,0.0,0.0,0.0,0.0,0.0,0.0,0.0,25000.0,0.0,0.005,2997500.0,11461.192391304348,0.0,0.0,3510959.0,0.0
Libboo,620.50138992,620.50138992,0.0,0.0,0.0,0.0,0.0,0.0,0.0,0.0,0.0,0.0,0.0,550000.5,0.0,0.005,3925000.0,11461.192391304348,0.0,0.0,3660000.2,0.0
Listia,1240.5027787200002,1370.5030699200001,87.0,1.0,10.0,0.0,0.0,0.0,0.0,174.0,2.0,0.0,0.0,882500.0,1.0,0.9,7798470.1,9000000.0,1.0,1.0,8870000.0,9000000.0
Lively,178.00039872,178.00039872,171.66666666666666,0.6666666666666666,3.3333333333333335,1.0,8.0,0.0,0.0,515.0,2.0,3.0,0.0,500000.0,0.0,0.005,2895001.1,11461.192391304348,0.0,0.0,1575001.2,0.0
LocalBonus,659.00147616,659.00147616,0.0,0.0,0.0,0.0,0.0,0.0,0.0,0.0,0.0,0.0,0.0,462500.0,0.0,0.005,3455001.0,11461.192391304348,0.0,0.0,3420959.3,0.0
Locality,610.6680345599999,690.6682137600001,0.0,0.0,0.0,0.0,0.0,0.0,0.0,0.0,0.0,0.0,0.0,808333.3333333334,1.0,0.6,5035000.0,4300000.0,1.0,1.0,8855000.2,4300000.0
Localocracy,1562.5035,1562.5035,78.5,1.75,7.5,2.0,6.625,0.0,0.0,1256.0,28.0,32.0,0.0,11250.0,0.0,0.005,3637500.1,11461.192391304348,0.0,0.0,5560000.0,0.0
Localytics,1613.00361312,1613.00361312,0.0,0.0,0.0,0.0,0.0,0.0,0.0,0.0,0.0,0.0,0.0,1.0,0.0,0.005,2912500.1,11461.192391304348,0.0,0.0,3430000.2,0.0
Lockitron,1181.00264544,1181.00264544,0.0,0.0,0.0,0.0,0.0,0.0,0.0,0.0,0.0,0.0,0.0,1.0,0.0,0.005,2572000.1,11461.192391304348,0.0,0.0,2040959.0,0.0
Locu,229.00051296,886.00198464,0.0,0.0,0.0,0.0,0.0,0.0,0.0,0.0,0.0,0.0,0.0,600000.0,1.0,0.9949823996655518,4050000.0,4000000.0,1.0,1.0,5115001.1,4000000.0
Loku,526.0011782400001,526.0011782400001,213.0,1.0,7.0,0.0,0.0,0.0,0.0,852.0,4.0,0.0,0.0,2100000.0,0.0,0.1,8900000.0,11461.192391304348,0.0,0.0,7300000.0,0.0
LookUP,689.00154336,689.00154336,0.0,0.0,0.0,0.0,0.0,0.0,0.0,0.0,0.0,0.0,0.0,25000.0,0.0,0.005,3667500.0,11461.192391304348,0.0,0.0,4130959.0,0.0
Looker,160.0003584,340.0007616,0.0,0.0,0.0,0.0,0.0,0.0,0.0,0.0,0.0,0.0,0.0,2000000.0,1.0,0.9,11750000.0,16000000.0,1.0,1.0,11770000.0,16000000.0
Lore,57.00012768,1015.0022736,0.0,0.0,0.0,0.0,0.0,0.0,0.0,0.0,0.0,0.0,0.0,18000.0,1.0,0.9,3065001.0,1000000.0,1.0,1.0,4363459.0,1000000.0
Loudcaster,1547.00346528,1547.00346528,0.0,0.0,0.0,0.0,0.0,0.0,0.0,0.0,0.0,0.0,0.0,26500.0,0.0,0.005,2087500.3,11461.192391304348,0.0,0.0,3770000.3,0.0
Love With Food,503.66779488,503.66779488,0.0,0.0,0.0,0.0,0.0,0.0,0.0,0.0,0.0,0.0,0.0,231667.0,0.0,0.005,5796919.0,11461.192391304348,0.0,0.0,5875959.0,0.0
Lyft,618.0013843199999,1490.0033376000001,0.0,0.0,0.0,0.0,0.0,0.0,0.0,0.0,0.0,0.0,0.0,750000.0,1.0,0.9949823996655518,3216940.2,6000000.0,1.0,1.0,2933880.6,6000000.0
MFive Labs (Listn),96.00021504,96.00021504,0.0,0.0,0.0,0.0,0.0,0.0,0.0,0.0,0.0,0.0,0.0,500000.0,0.0,0.1,3275003.0,11461.192391304348,0.0,0.0,2800961.1,0.0
Mailgun,1251.50280336,1251.50280336,88.0,1.0,10.0,0.3333333333333333,2.6666666666666665,0.0,0.0,528.0,6.0,2.0,0.0,550000.5,0.0,0.005,6970000.3,11461.192391304348,0.0,0.0,8270001.0,0.0
Marginize,549.50123088,1359.50304528,0.0,0.0,0.0,0.0,0.0,0.0,0.0,0.0,0.0,0.0,0.0,331000.0,1.0,0.9949823996655518,4768471.1,1300000.0,1.0,1.0,3635959.2,1300000.0
Markerly,26.00005824,26.00005824,0.0,0.0,0.0,0.0,0.0,0.0,0.0,0.0,0.0,0.0,0.0,800000.0,0.0,0.005,6728471.1,11461.192391304348,0.0,0.0,3463471.2,0.0
Mattermark,482.00107968,482.00107968,0.0,0.0,0.0,0.0,0.0,0.0,0.0,0.0,0.0,0.0,0.0,1000000.0,0.0,0.1,5883470.1,11461.192391304348,0.0,0.0,6770000.1,0.0
Meddik,-28.00006272,626.00140224,112.5,1.5,10.0,0.0,0.0,0.0,0.0,225.0,3.0,0.0,0.0,750000.0,1.0,0.9,6650000.1,750010.0,1.0,1.0,4835001.0,750010.0
MemSQL,442.00099008000007,829.00185696,192.5,1.0,10.0,0.0,0.0,0.0,0.0,1155.0,6.0,0.0,0.0,3366666.6666666665,1.0,0.9,9875000.0,5000000.0,1.0,1.0,7205000.0,5000000.0
Memebox,421.00094304,421.00094304,0.0,0.0,0.0,0.0,0.0,0.0,0.0,0.0,0.0,0.0,0.0,25000.0,0.0,0.005,4710000.0,11461.192391304348,0.0,0.0,4741918.0,0.0
Memetales,856.00191744,856.00191744,0.0,0.0,0.0,0.0,0.0,0.0,0.0,0.0,0.0,0.0,0.0,100000.0,0.0,0.005,3310000.1,11461.192391304348,0.0,0.0,3200959.0,0.0
Memrise,453.00101472,882.0019756800001,38.0,1.0,9.0,0.0,0.0,0.0,0.0,114.0,3.0,0.0,0.0,392666.6666666667,1.0,0.9949823996655518,4310961.3,5100000.0,1.0,1.0,2535962.2,5100000.0
MessageParty,1349.00302176,1349.00302176,0.0,0.0,0.0,0.0,0.0,0.0,0.0,0.0,0.0,0.0,0.0,1.0,0.0,0.005,2494500.1,11461.192391304348,0.0,0.0,2390959.0,0.0
MiCarga,345.0007728,345.0007728,0.0,0.0,0.0,0.0,0.0,0.0,0.0,0.0,0.0,0.0,0.0,47500.0,0.0,0.005,3510001.0,11461.192391304348,0.0,0.0,4741918.0,0.0
Mind FactoryAR,679.00152096,679.00152096,0.0,0.0,0.0,0.0,0.0,0.0,0.0,0.0,0.0,0.0,0.0,25000.0,0.0,0.005,3957500.0,11461.192391304348,0.0,0.0,4130959.0,0.0
Mindbloom,892.0019980800001,892.0019980800001,26.0,1.0,7.0,0.3333333333333333,1.3333333333333333,0.0,0.0,78.0,3.0,1.0,0.0,1800000.0,0.0,0.1,8330000.0,11461.192391304348,0.0,0.0,9910000.0,0.0
Mineful,870.0019488,870.0019488,0.0,0.0,0.0,0.0,0.0,0.0,0.0,0.0,0.0,0.0,0.0,25000.0,0.0,0.005,3100000.1,11461.192391304348,0.0,0.0,2870959.0,0.0
MinoMonsters,1020.33561888,1020.33561888,229.0,1.0,10.0,2.0,17.0,0.0,0.0,687.0,3.0,6.0,0.0,389333.3333333333,0.0,0.005,3710000.2,11461.192391304348,0.0,0.0,3560002.2,0.0
MoPix,862.00193088,862.00193088,0.0,0.0,0.0,0.0,0.0,0.0,0.0,0.0,0.0,0.0,0.0,34000.0,0.0,0.005,3190000.1,11461.192391304348,0.0,0.0,2870959.0,0.0
Mobclix,1987.00445088,1987.00445088,0.0,0.0,0.0,0.0,0.0,0.0,0.0,0.0,0.0,0.0,0.0,1.0,0.0,0.005,5500000.4,11461.192391304348,0.0,0.0,5215000.1,0.0
MobileDevHQ,486.50108976,486.50108976,0.0,0.0,0.0,0.0,0.0,0.0,0.0,0.0,0.0,0.0,0.0,325000.5,0.0,0.005,5285960.0,11461.192391304348,0.0,0.0,4956918.1,0.0
MobileWorks,984.00220416,984.00220416,52.333333333333336,1.0,9.0,0.0,0.0,0.0,0.0,157.0,3.0,0.0,0.0,1.0,0.0,0.005,3500959.0,11461.192391304348,0.0,0.0,3636919.0,0.0
Mobilligy,528.00118272,528.00118272,0.0,0.0,0.0,0.0,0.0,0.0,0.0,0.0,0.0,0.0,0.0,400000.0,0.0,0.005,3858471.1,11461.192391304348,0.0,0.0,3920959.2,0.0
Mocavo,289.00064736,923.00206752,0.0,0.0,0.0,0.0,0.0,0.0,0.0,0.0,0.0,0.0,0.0,1.0,1.0,0.9,2290000.0,4100000.0,1.0,1.0,4598459.0,4100000.0
ModCloth,273.00061152,2062.00461888,0.0,0.0,0.0,0.0,0.0,0.0,0.0,0.0,0.0,0.0,0.0,1055000.0,1.0,0.9949823996655518,5341940.2,2084701.0,1.0,1.0,5500001.2,2084701.0
Modulus,495.50110992,495.50110992,0.0,0.0,0.0,0.0,0.0,0.0,0.0,0.0,0.0,0.0,0.0,135000.0,0.0,0.005,4985001.0,11461.192391304348,0.0,0.0,5920959.0,0.0
Mogotest,1441.00322784,1441.00322784,0.0,0.0,0.0,0.0,0.0,0.0,0.0,0.0,0.0,0.0,0.0,12000.0,0.0,0.005,2742500.1,11461.192391304348,0.0,0.0,3895000.1,0.0
Monogram,495.50110992,495.50110992,0.0,0.0,0.0,0.0,0.0,0.0,0.0,0.0,0.0,0.0,0.0,620000.0,0.0,0.005,4666940.2,11461.192391304348,0.0,0.0,6725000.1,0.0
Moodyo,452.00101248,452.00101248,0.0,0.0,0.0,0.0,0.0,0.0,0.0,0.0,0.0,0.0,0.0,450000.0,0.0,0.1,4278471.1,11461.192391304348,0.0,0.0,4516918.1,0.0
Moovweb,1547.00346528,1865.0041776,0.0,0.0,0.0,0.0,0.0,0.0,0.0,0.0,0.0,0.0,0.0,700000.0,1.0,0.7,6008470.1,16000000.0,1.0,1.0,9763470.1,16000000.0
Mopapp,1272.5028504,1272.5028504,0.0,0.0,0.0,0.0,0.0,0.0,0.0,0.0,0.0,0.0,0.0,150000.0,0.0,0.005,2617500.1,11461.192391304348,0.0,0.0,3510959.0,0.0
Mortar Data,656.5014705599999,656.5014705599999,0.0,0.0,0.0,0.0,0.0,0.0,0.0,0.0,0.0,0.0,0.0,900000.5,0.0,0.1,4945000.0,11461.192391304348,0.0,0.0,7235000.2,0.0
MotherKnows,942.00211008,942.00211008,270.3333333333333,1.6666666666666667,13.0,4.333333333333333,35.333333333333336,0.0,0.0,811.0,5.0,13.0,0.0,1700000.0,0.0,0.005,8980000.0,11461.192391304348,0.0,0.0,8385000.0,0.0
Motion Dispatch,587.00131488,587.00131488,0.0,0.0,0.0,0.0,0.0,0.0,0.0,0.0,0.0,0.0,0.0,1.0,0.0,0.005,3600000.0,11461.192391304348,0.0,0.0,3780959.0,0.0
Murfie,747.00167328,747.00167328,0.0,0.0,0.0,0.0,0.0,0.0,0.0,0.0,0.0,0.0,0.0,1.0,0.0,0.005,2647500.0,11461.192391304348,0.0,0.0,2840959.0,0.0
MyHealthTeams,363.00081312,544.00121856,84.5,1.0,8.0,0.0,0.0,0.0,0.0,169.0,2.0,0.0,0.0,1750000.0,1.0,0.8,11505000.0,1.0,1.0,1.0,11700000.0,1.0
MyVR,499.00111776,499.00111776,250.33333333333334,2.3333333333333335,17.333333333333332,5.666666666666667,45.333333333333336,0.0,0.0,751.0,7.0,17.0,0.0,1400000.0,0.0,0.1,6515000.2,11461.192391304348,0.0,0.0,8560000.1,0.0
Myntra,673.00150752,2596.00581504,0.0,0.0,0.0,0.0,0.0,0.0,0.0,0.0,0.0,0.0,0.0,1.0,1.0,0.9,2302500.2,5000000.0,1.0,1.0,3185959.2,5000000.0
N4MD,878.00196672,878.00196672,0.0,0.0,0.0,0.0,0.0,0.0,0.0,0.0,0.0,0.0,0.0,25000.0,0.0,0.005,3100000.1,11461.192391304348,0.0,0.0,2870959.0,0.0
NEST,426.00095424,426.00095424,0.0,0.0,0.0,0.0,0.0,0.0,0.0,0.0,0.0,0.0,0.0,1.0,0.0,0.005,4510000.0,11461.192391304348,0.0,0.0,4321918.0,0.0
Narrative,129.00028896,129.00028896,0.0,0.0,0.0,0.0,0.0,0.0,0.0,0.0,0.0,0.0,0.0,3000000.0,0.0,0.005,15450000.0,11461.192391304348,0.0,0.0,13670000.0,0.0
NatureBox,223.00049952,424.00094976,4405.5,1.0,7.0,24.0,198.0,0.0,0.0,8811.0,2.0,48.0,0.0,2000000.0,1.0,0.9,10060000.0,8500000.0,1.0,1.0,8625000.0,8500000.0
Neurala,349.00078176,349.00078176,0.0,0.0,0.0,0.0,0.0,0.0,0.0,0.0,0.0,0.0,0.0,1.0,0.0,0.005,3590000.0,11461.192391304348,0.0,0.0,4421918.0,0.0
NewsWhip,150.000336,150.000336,0.0,0.0,0.0,0.0,0.0,0.0,0.0,0.0,0.0,0.0,0.0,1100000.0,0.0,0.005,6730001.0,11461.192391304348,0.0,0.0,4145001.2,0.0
Ninua,911.50204176,911.50204176,0.0,0.0,0.0,0.0,0.0,0.0,0.0,0.0,0.0,0.0,0.0,187500.0,0.0,0.1,4230000.1,11461.192391304348,0.0,0.0,5070959.0,0.0
Nitrogram,661.00148064,661.00148064,0.0,0.0,0.0,0.0,0.0,0.0,0.0,0.0,0.0,0.0,0.0,525000.0,0.0,0.005,3825000.0,11461.192391304348,0.0,0.0,5120959.2,0.0
NoRedInk,172.00038528,172.00038528,0.0,0.0,0.0,0.0,0.0,0.0,0.0,0.0,0.0,0.0,0.0,2000000.0,0.0,0.005,11750000.0,11461.192391304348,0.0,0.0,11770000.0,0.0
Nomi,247.00055328,363.00081312,162.0,0.6666666666666666,6.666666666666667,0.0,0.0,0.0,0.0,486.0,2.0,0.0,0.0,3000000.0,1.0,0.9,10320000.0,10000000.0,1.0,1.0,9805000.0,10000000.0
Nommunity,678.00151872,678.00151872,0.0,0.0,0.0,0.0,0.0,0.0,0.0,0.0,0.0,0.0,0.0,25000.0,0.0,0.005,3957500.0,11461.192391304348,0.0,0.0,4130959.0,0.0
Noom,892.5019992,892.5019992,67.0,1.0,7.0,0.0,0.0,0.0,0.0,134.0,2.0,0.0,0.0,1.0,0.0,0.005,3500959.0,11461.192391304348,0.0,0.0,3246919.0,0.0
Notifo,1500.00336,1500.00336,764.5,2.0,12.5,0.0,0.0,0.0,0.0,1529.0,4.0,0.0,0.0,1.0,0.0,0.005,4170000.1,11461.192391304348,0.0,0.0,5595000.0,0.0
Now In Store,300.000672,300.000672,0.0,0.0,0.0,0.0,0.0,0.0,0.0,0.0,0.0,0.0,0.0,50000.0,0.0,0.005,3660001.0,11461.192391304348,0.0,0.0,5081918.0,0.0
NuLabel Technologies,1714.00383936,1714.00383936,0.0,0.0,0.0,0.0,0.0,0.0,0.0,0.0,0.0,0.0,0.0,1.0,0.0,0.005,2980000.2,11461.192391304348,0.0,0.0,3430000.2,0.0
Nutmeg Education,251.00056224,251.00056224,0.0,0.0,0.0,0.0,0.0,0.0,0.0,0.0,0.0,0.0,0.0,40000.0,0.0,0.005,2603001.0,11461.192391304348,0.0,0.0,4415959.0,0.0
Nutrino,679.00152096,679.00152096,0.0,0.0,0.0,0.0,0.0,0.0,0.0,0.0,0.0,0.0,0.0,400000.0,0.0,0.005,3270001.0,11461.192391304348,0.0,0.0,3450959.2,0.0
Nveloped,557.00124768,557.00124768,0.0,0.0,0.0,0.0,0.0,0.0,0.0,0.0,0.0,0.0,0.0,1.0,0.0,0.005,3560000.0,11461.192391304348,0.0,0.0,3900959.0,0.0
Off Track Planet,507.5011368,507.5011368,0.0,0.0,0.0,0.0,0.0,0.0,0.0,0.0,0.0,0.0,0.0,350000.0,0.0,0.005,4108471.1,11461.192391304348,0.0,0.0,4245959.2,0.0
Olapic,471.00105504,665.0014896,0.0,0.0,0.0,0.0,0.0,0.0,0.0,0.0,0.0,0.0,0.0,1000000.0,1.0,0.7,6838470.1,5000000.0,1.0,1.0,9300000.1,5000000.0
Olark,1714.00383936,1714.00383936,73.0,1.6666666666666667,9.0,1.0,6.333333333333333,0.0,0.0,219.0,5.0,3.0,0.0,1.0,0.0,0.005,4555000.1,11461.192391304348,0.0,0.0,5180000.0,0.0
OnTheGo Platforms,89.50020047999999,89.50020047999999,0.0,0.0,0.0,0.0,0.0,0.0,0.0,0.0,0.0,0.0,0.0,817036.5,0.0,0.005,6728471.1,11461.192391304348,0.0,0.0,3473471.2,0.0
One Inc.,935.0020944,935.0020944,0.0,0.0,0.0,0.0,0.0,0.0,0.0,0.0,0.0,0.0,0.0,1000050.0,0.0,0.005,5005000.0,11461.192391304348,0.0,0.0,4075000.2,0.0
OpenCare,164.00036736,164.00036736,0.0,0.0,0.0,0.0,0.0,0.0,0.0,0.0,0.0,0.0,0.0,1.0,0.0,0.005,2120000.0,11461.192391304348,0.0,0.0,3620959.0,0.0
Openbay,104.00023296,104.00023296,4.0,1.0,6.0,0.0,0.0,0.0,0.0,4.0,1.0,0.0,0.0,1.0,0.0,0.005,2087001.0,11461.192391304348,0.0,0.0,3715001.0,0.0
Openera,429.00096096,429.00096096,0.0,0.0,0.0,0.0,0.0,0.0,0.0,0.0,0.0,0.0,0.0,250000.0,0.0,0.005,5641919.0,11461.192391304348,0.0,0.0,4582877.0,0.0
Optimizely,826.50185136,1125.50252112,86.0,1.0,10.0,0.0,0.0,0.0,0.0,172.0,2.0,0.0,0.0,1000000.5,1.0,0.9,5305001.0,28000000.0,1.0,1.0,5235000.0,28000000.0
Opzi,1500.00336,1500.00336,1924.0,1.0,10.0,1.0,10.0,0.0,0.0,1924.0,1.0,1.0,0.0,15000.0,0.0,0.005,4170000.1,11461.192391304348,0.0,0.0,6285000.0,0.0
OrderAhead,810.0018144000001,810.0018144000001,0.0,0.0,0.0,0.0,0.0,0.0,0.0,0.0,0.0,0.0,0.0,1250000.5,0.0,0.005,7720000.0,11461.192391304348,0.0,0.0,5595000.3,0.0
Ordr.in,773.0017315199999,773.0017315199999,0.0,0.0,0.0,0.0,0.0,0.0,0.0,0.0,0.0,0.0,0.0,322666.6666666667,0.0,0.005,3715001.0,11461.192391304348,0.0,0.0,2920959.2,0.0
Outline,251.00056224,251.00056224,0.0,0.0,0.0,0.0,0.0,0.0,0.0,0.0,0.0,0.0,0.0,425000.5,0.0,0.005,3948002.0,11461.192391304348,0.0,0.0,3851919.1,0.0
Ovuline,352.33412256,352.33412256,0.0,0.0,0.0,0.0,0.0,0.0,0.0,0.0,0.0,0.0,0.0,833333.6666666666,0.0,0.005,6458470.1,11461.192391304348,0.0,0.0,7813470.2,0.0
Pact Fitness,464.00103936000005,464.00103936000005,0.0,0.0,0.0,0.0,0.0,0.0,0.0,0.0,0.0,0.0,0.0,839333.3333333334,0.0,0.005,5130410.3,11461.192391304348,0.0,0.0,6498470.2,0.0
Padlet,253.00056672,253.00056672,0.0,0.0,0.0,0.0,0.0,0.0,0.0,0.0,0.0,0.0,0.0,1.0,0.0,0.005,2528000.0,11461.192391304348,0.0,0.0,4215959.0,0.0
PageLever,922.00206528,922.00206528,383.5,1.5,12.5,0.0,0.0,0.0,0.0,767.0,3.0,0.0,0.0,1.0,0.0,0.005,3380000.0,11461.192391304348,0.0,0.0,4235001.0,0.0
PagerDuty,855.0019152,1229.00275296,38.0,1.0,10.0,0.0,0.0,0.0,0.0,114.0,3.0,0.0,0.0,1900000.0,1.0,0.8,9100000.0,10700000.0,1.0,1.0,8870000.0,10700000.0
Panna,279.00062496,279.00062496,35.0,1.0,7.0,0.0,0.0,0.0,0.0,35.0,1.0,0.0,0.0,1350000.0,0.0,0.2,5815000.2,11461.192391304348,0.0,0.0,2585001.5,0.0
Pantheon,664.0014873600002,1257.00281568,110.875,1.5,12.125,0.0,0.0,0.0,0.0,887.0,12.0,0.0,0.0,1300000.0,1.0,0.9949823996655518,7700000.0,5000000.0,1.0,1.0,7590000.0,5000000.0
Parking Panda,638.00142912,979.00219296,0.0,0.0,0.0,0.0,0.0,0.0,0.0,0.0,0.0,0.0,0.0,25000.0,1.0,0.9949823996655518,3470000.0,4700000.0,1.0,1.0,3778459.0,4700000.0
Pharmly,243.00054432,243.00054432,56.5,1.0,5.0,0.0,0.0,0.0,0.0,113.0,2.0,0.0,0.0,20000.0,0.0,0.005,3020000.0,11461.192391304348,0.0,0.0,4285961.0,0.0
Pick1,515.0011536,515.0011536,0.0,0.0,0.0,0.0,0.0,0.0,0.0,0.0,0.0,0.0,0.0,1000000.0,0.0,0.1,5883470.1,11461.192391304348,0.0,0.0,6070000.2,0.0
Pictorious,762.00170688,762.00170688,0.0,0.0,0.0,0.0,0.0,0.0,0.0,0.0,0.0,0.0,0.0,25000.0,0.0,0.005,2997500.0,11461.192391304348,0.0,0.0,3510959.0,0.0
Pindrop Security,414.00092736,649.00145376,0.0,0.0,0.0,0.0,0.0,0.0,0.0,0.0,0.0,0.0,0.0,1000000.0,1.0,0.8,7630000.0,11000000.0,1.0,1.0,8850000.1,11000000.0
Pipette,984.00220416,984.00220416,0.0,0.0,0.0,0.0,0.0,0.0,0.0,0.0,0.0,0.0,0.0,1.0,0.0,0.005,2640000.1,11461.192391304348,0.0,0.0,2380959.0,0.0
Pixowl,526.0011782400001,526.0011782400001,0.0,0.0,0.0,0.0,0.0,0.0,0.0,0.0,0.0,0.0,0.0,1200000.0,0.0,0.005,5998470.1,11461.192391304348,0.0,0.0,5030000.3,0.0
Placester,286.00064064000003,286.00064064000003,59.0,1.0,8.0,0.0,0.0,0.0,0.0,118.0,2.0,0.0,0.0,2500000.0,0.0,0.1,10965000.0,11461.192391304348,0.0,0.0,10185000.0,0.0
PlanGrid,621.00139104,621.00139104,33.5,1.0,10.0,0.0,0.0,0.0,0.0,67.0,2.0,0.0,0.0,1100000.0,0.0,0.3,4805001.0,11461.192391304348,0.0,0.0,6635000.0,0.0
Plandree,477.00106848,477.00106848,0.0,0.0,0.0,0.0,0.0,0.0,0.0,0.0,0.0,0.0,0.0,31000.0,0.0,0.005,4670000.0,11461.192391304348,0.0,0.0,5581918.0,0.0
Platogo,1919.5042996799998,1919.5042996799998,0.0,0.0,0.0,0.0,0.0,0.0,0.0,0.0,0.0,0.0,0.0,1.0,0.0,0.005,5500000.4,11461.192391304348,0.0,0.0,4900000.2,0.0
Plivo,432.00096768000003,432.00096768000003,84.5,1.0,8.0,0.0,0.0,0.0,0.0,169.0,2.0,0.0,0.0,1750000.0,0.0,0.2,9605000.0,11461.192391304348,0.0,0.0,10800000.0,0.0
Pocket Tales,1349.00302176,1349.00302176,0.0,0.0,0.0,0.0,0.0,0.0,0.0,0.0,0.0,0.0,0.0,1.0,0.0,0.005,2494500.1,11461.192391304348,0.0,0.0,2390959.0,0.0
Populy Games,770.0017248,770.0017248,0.0,0.0,0.0,0.0,0.0,0.0,0.0,0.0,0.0,0.0,0.0,25000.0,0.0,0.005,3427500.0,11461.192391304348,0.0,0.0,3510959.0,0.0
Poq Studio,770.0017248,770.0017248,0.0,0.0,0.0,0.0,0.0,0.0,0.0,0.0,0.0,0.0,0.0,1.0,0.0,0.005,3077500.0,11461.192391304348,0.0,0.0,2440959.0,0.0
Posterous,673.00150752,2110.0047264,4545.0,0.5,5.0,22.0,198.5,0.5,5.0,9090.0,1.0,44.0,1.0,15000.0,1.0,0.9,4380000.1,4400000.0,1.0,1.0,4260000.0,4400000.0
Postling,1384.50310128,1384.50310128,0.0,0.0,0.0,0.0,0.0,0.0,0.0,0.0,0.0,0.0,0.0,175000.5,0.0,0.005,3655000.1,11461.192391304348,0.0,0.0,3970959.1,0.0
Practically Green,920.50206192,930.50208432,0.0,0.0,0.0,0.0,0.0,0.0,0.0,0.0,0.0,0.0,0.0,875000.0,0.0,0.4,4840000.0,3000000.0,1.0,1.0,3775000.2,3000000.0
Preact,345.0007728,345.0007728,109.5,2.0,11.0,0.0,0.0,0.0,0.0,219.0,4.0,0.0,0.0,1.0,0.0,0.1,4172000.0,11461.192391304348,0.0,0.0,4721920.0,0.0
Prepmatic,465.0010416,465.0010416,0.0,0.0,0.0,0.0,0.0,0.0,0.0,0.0,0.0,0.0,0.0,240000.0,0.0,0.005,5641919.0,11461.192391304348,0.0,0.0,5616918.0,0.0
Presstler,557.00124768,557.00124768,0.0,0.0,0.0,0.0,0.0,0.0,0.0,0.0,0.0,0.0,0.0,25000.0,0.0,0.005,4010000.0,11461.192391304348,0.0,0.0,5040959.0,0.0
Prevoty,265.0005936,265.0005936,82.0,1.0,8.0,0.5,5.0,0.0,0.0,164.0,2.0,1.0,0.0,700000.0,0.0,0.005,5775001.1,11461.192391304348,0.0,0.0,2175001.1,0.0
PriceBaba,271.00060704,271.00060704,0.0,0.0,0.0,0.0,0.0,0.0,0.0,0.0,0.0,0.0,0.0,1.0,0.0,0.005,2528000.0,11461.192391304348,0.0,0.0,4681918.0,0.0
Priceonomics,739.00165536,739.00165536,43.0,1.0,10.0,0.0,0.0,0.0,0.0,258.0,6.0,0.0,0.0,556666.6666666666,0.0,0.005,2345001.3,11461.192391304348,0.0,0.0,3145001.0,0.0
Pricing Engine,319.00071456,319.00071456,0.0,0.0,0.0,0.0,0.0,0.0,0.0,0.0,0.0,0.0,0.0,1000000.0,0.0,0.005,7440000.0,11461.192391304348,0.0,0.0,7435000.1,0.0
Privy.net,2231.00499744,2231.00499744,0.0,0.0,0.0,0.0,0.0,0.0,0.0,0.0,0.0,0.0,0.0,1.0,0.0,0.005,4500000.6,11461.192391304348,0.0,0.0,5215000.1,0.0
ProductGram,284.00063616,284.00063616,0.0,0.0,0.0,0.0,0.0,0.0,0.0,0.0,0.0,0.0,0.0,100000.0,0.0,0.005,2475001.0,11461.192391304348,0.0,0.0,4252877.0,0.0
Promoboxx,749.00167776,749.00167776,0.0,0.0,0.0,0.0,0.0,0.0,0.0,0.0,0.0,0.0,0.0,562000.0,0.0,0.1,3795000.0,11461.192391304348,0.0,0.0,7410000.2,0.0
Properati,324.50072688,324.50072688,0.0,0.0,0.0,0.0,0.0,0.0,0.0,0.0,0.0,0.0,0.0,12500.5,0.0,0.005,3590000.0,11461.192391304348,0.0,0.0,5181918.0,0.0
Provender,240.0005376,240.0005376,0.0,0.0,0.0,0.0,0.0,0.0,0.0,0.0,0.0,0.0,0.0,100000.0,0.0,0.1,2523001.0,11461.192391304348,0.0,0.0,3666918.0,0.0
Psykosoft,669.50149968,669.50149968,103.0,1.0,8.0,0.0,0.0,0.0,0.0,412.0,4.0,0.0,0.0,309000.0,0.0,0.005,3570959.2,11461.192391304348,0.0,0.0,3075001.2,0.0
PublicStuff,898.50201264,898.50201264,0.0,0.0,0.0,0.0,0.0,0.0,0.0,0.0,0.0,0.0,0.0,776068.0,0.0,0.005,4050000.0,11461.192391304348,0.0,0.0,2840000.2,0.0
Punchd,1091.00244384,1091.00244384,0.0,0.0,0.0,0.0,0.0,0.0,0.0,0.0,0.0,0.0,0.0,50000.0,0.0,0.005,2742000.2,11461.192391304348,0.0,0.0,2845959.0,0.0
Pymetrics,142.00031808,142.00031808,74.5,1.0,7.0,0.0,0.0,0.0,0.0,149.0,2.0,0.0,0.0,2500000.0,0.0,0.1,14200000.0,11461.192391304348,0.0,0.0,9435000.0,0.0
Qual Canal,496.00111104,496.00111104,0.0,0.0,0.0,0.0,0.0,0.0,0.0,0.0,0.0,0.0,0.0,50000.0,0.0,0.005,4705001.0,11461.192391304348,0.0,0.0,5940959.0,0.0
Quartzy,495.00110879999994,717.00160608,40.333333333333336,1.0,10.0,0.0,0.0,0.0,0.0,121.0,3.0,0.0,0.0,1200000.0,1.0,0.9949823996655518,8010001.1,4000000.0,1.0,1.0,9235000.1,4000000.0
Qwiqq,735.33498048,735.33498048,0.0,0.0,0.0,0.0,0.0,0.0,0.0,0.0,0.0,0.0,0.0,236666.66666666666,0.0,0.005,3785001.0,11461.192391304348,0.0,0.0,3200959.0,0.0
REPP,288.00064512,288.00064512,0.0,0.0,0.0,0.0,0.0,0.0,0.0,0.0,0.0,0.0,0.0,152500.0,0.0,0.005,2870960.0,11461.192391304348,0.0,0.0,4182877.0,0.0
RadPad,175.000392,175.000392,0.0,0.0,0.0,0.0,0.0,0.0,0.0,0.0,0.0,0.0,0.0,500000.0,0.0,0.1,3300002.0,11461.192391304348,0.0,0.0,2800961.1,0.0
Rapportive,1287.00288288,1287.00288288,1139.0,1.0,10.0,3.0,25.0,0.0,0.0,2278.0,2.0,6.0,0.0,500000.5,0.0,0.005,6610000.1,11461.192391304348,0.0,0.0,5765001.1,0.0
Ravel Law,582.00130368,588.00131712,0.0,0.0,0.0,0.0,0.0,0.0,0.0,0.0,0.0,0.0,0.0,1100000.0,1.0,0.8,5515000.0,8100000.0,1.0,1.0,5100000.3,8100000.0
Reaction,211.00047264,211.00047264,161.0,1.0,7.0,0.0,0.0,0.0,0.0,161.0,1.0,0.0,0.0,60000.0,0.0,0.005,2620959.0,11461.192391304348,0.0,0.0,3555960.0,0.0
Realty Mogul,326.00073024,326.00073024,0.0,0.0,0.0,0.0,0.0,0.0,0.0,0.0,0.0,0.0,0.0,1000000.0,0.0,0.005,7900000.0,11461.192391304348,0.0,0.0,7435000.1,0.0
Reclip.It,618.00138432,618.00138432,0.0,0.0,0.0,0.0,0.0,0.0,0.0,0.0,0.0,0.0,0.0,70000.0,0.0,0.005,4165001.0,11461.192391304348,0.0,0.0,4740959.0,0.0
Recroup,352.00078848,352.00078848,0.0,0.0,0.0,0.0,0.0,0.0,0.0,0.0,0.0,0.0,0.0,60000.0,0.0,0.005,3510001.0,11461.192391304348,0.0,0.0,4641918.0,0.0
RecycleMatch,1296.50290416,1296.50290416,0.0,0.0,0.0,0.0,0.0,0.0,0.0,0.0,0.0,0.0,0.0,310000.0,0.0,0.1,3730000.1,11461.192391304348,0.0,0.0,4105959.0,0.0
Reddit,3175.0071120000002,3175.0071120000002,3800.0,1.0,9.5,24.5,228.0,0.0,0.0,15200.0,4.0,98.0,0.0,100000.0,0.0,0.1,6550000.2,11461.192391304348,0.0,0.0,2970000.2,0.0
ReelSurfer,510.0011424,510.0011424,15.0,1.5,8.0,0.0,0.0,0.0,0.0,30.0,3.0,0.0,0.0,880000.0,0.0,0.005,5960001.1,11461.192391304348,0.0,0.0,5705000.1,0.0
RelateIQ,497.00111328,901.00201824,0.0,0.0,0.0,0.0,0.0,0.0,0.0,0.0,0.0,0.0,0.0,1.0,1.0,0.9,2910000.0,9000000.0,1.0,1.0,4498459.0,9000000.0
Remind101,626.00140224,770.0017248,0.0,0.0,0.0,0.0,0.0,0.0,0.0,0.0,0.0,0.0,0.0,1000000.0,1.0,0.9949823996655518,5440000.0,3500000.0,1.0,1.0,6860000.2,3500000.0
RentShare,954.00213696,954.00213696,0.0,0.0,0.0,0.0,0.0,0.0,0.0,0.0,0.0,0.0,0.0,305000.0,0.0,0.005,3245000.1,11461.192391304348,0.0,0.0,3540959.2,0.0
Rentlord,881.00197344,881.00197344,181.0,1.0,7.0,0.0,0.0,0.0,0.0,181.0,1.0,0.0,0.0,1.0,0.0,0.005,3610959.0,11461.192391304348,0.0,0.0,3496919.0,0.0
RethinkDB,1088.00243712,1561.5034977600003,29.5,1.0,10.0,0.0,0.0,0.0,0.0,236.0,8.0,0.0,0.0,600000.5,1.0,0.7,2535000.5,5500000.0,1.0,1.0,3410001.1,5500000.0
Revetto,1745.0039088,1745.0039088,0.0,0.0,0.0,0.0,0.0,0.0,0.0,0.0,0.0,0.0,0.0,20000.0,0.0,0.1,4880000.2,11461.192391304348,0.0,0.0,5370000.2,0.0
Rewardli,946.00211904,946.00211904,0.0,0.0,0.0,0.0,0.0,0.0,0.0,0.0,0.0,0.0,0.0,307500.0,0.0,0.005,3245000.1,11461.192391304348,0.0,0.0,3540959.2,0.0
Ringadoc,440.50098671999996,440.50098671999996,124.5,1.0,8.0,0.0,0.0,0.0,0.0,498.0,4.0,0.0,0.0,1325000.0,0.0,0.1,6965000.2,11461.192391304348,0.0,0.0,6920000.0,0.0
Rise Robotics,485.0010864,485.0010864,0.0,0.0,0.0,0.0,0.0,0.0,0.0,0.0,0.0,0.0,0.0,231500.0,0.0,0.005,5796919.0,11461.192391304348,0.0,0.0,5616918.0,0.0
Roadtrippers,464.66770752,645.66811296,0.0,0.0,0.0,0.0,0.0,0.0,0.0,0.0,0.0,0.0,0.0,440000.0,0.0,0.5,3883471.1,2500000.0,1.0,1.0,4150959.1,2500000.0
Rocketmiles,275.000616,286.00064064000003,102.33333333333333,1.6666666666666667,9.666666666666666,0.0,0.0,0.0,0.0,614.0,10.0,0.0,0.0,2000000.0,1.0,0.9949823996655518,9215000.0,6500000.0,1.0,1.0,8050000.0,6500000.0
Romotive,585.0013104,831.00186144,0.0,0.0,0.0,0.0,0.0,0.0,0.0,0.0,0.0,0.0,0.0,1.0,1.0,0.8,2700000.0,5000000.0,1.0,1.0,4300959.0,5000000.0
Rootless,404.00090496,404.00090496,0.0,0.0,0.0,0.0,0.0,0.0,0.0,0.0,0.0,0.0,0.0,50000.0,0.0,0.005,4680001.0,11461.192391304348,0.0,0.0,4741918.0,0.0
Runnable,208.00046592,208.00046592,235.0,2.0,10.0,0.0,0.0,0.0,0.0,470.0,4.0,0.0,0.0,1000000.5,0.0,0.4,6270000.1,11461.192391304348,0.0,0.0,8810000.0,0.0
Runtastic,1482.00331968,1482.00331968,0.0,0.0,0.0,0.0,0.0,0.0,0.0,0.0,0.0,0.0,0.0,150000.0,0.0,0.005,2962500.1,11461.192391304348,0.0,0.0,3930000.2,0.0
SCVNGR,438.00098112,2079.00465696,0.0,0.0,0.0,0.0,0.0,0.0,0.0,0.0,0.0,0.0,0.0,35000.0,1.0,0.9949823996655518,2100001.3,750000.0,1.0,1.0,4256959.1,750000.0
SERPs,710.0015904,710.0015904,0.0,0.0,0.0,0.0,0.0,0.0,0.0,0.0,0.0,0.0,0.0,25000.0,0.0,0.005,3077500.0,11461.192391304348,0.0,0.0,4230959.0,0.0
Saborstudio,649.00145376,649.00145376,0.0,0.0,0.0,0.0,0.0,0.0,0.0,0.0,0.0,0.0,0.0,20000.0,0.0,0.005,3980000.0,11461.192391304348,0.0,0.0,4400959.0,0.0
SaleMove,457.25102424,457.25102424,46.0,1.0,6.0,0.0,0.0,0.0,0.0,736.0,16.0,0.0,0.0,68750.0,0.0,0.005,5492959.0,11461.192391304348,0.0,0.0,5190000.0,0.0
Sandglaz,490.50109872,490.50109872,0.0,0.0,0.0,0.0,0.0,0.0,0.0,0.0,0.0,0.0,0.0,300000.0,0.0,0.1,5796919.0,11461.192391304348,0.0,0.0,4831918.1,0.0
Sayduck,395.50088592,395.50088592,0.0,0.0,0.0,0.0,0.0,0.0,0.0,0.0,0.0,0.0,0.0,241250.0,0.0,0.005,5375960.0,11461.192391304348,0.0,0.0,4932877.0,0.0
Saygent,457.00102368,997.00223328,133.0,1.0,9.0,0.0,0.0,0.0,0.0,133.0,1.0,0.0,0.0,1000000.0,1.0,0.9,8785000.1,1000000.0,1.0,1.0,5987899.2,1000000.0
Scanadu,735.0016464,824.00184576,399.0,1.0,7.0,0.0,0.0,0.0,0.0,399.0,1.0,0.0,0.0,4000000.0,1.0,0.8,8950000.0,10500000.0,1.0,1.0,11020000.0,10500000.0
Scholrly,435.0009744,435.0009744,0.0,0.0,0.0,0.0,0.0,0.0,0.0,0.0,0.0,0.0,0.0,50000.0,0.0,0.005,4645001.0,11461.192391304348,0.0,0.0,4611918.0,0.0
Scoville,1500.00336,1500.00336,0.0,0.0,0.0,0.0,0.0,0.0,0.0,0.0,0.0,0.0,0.0,400000.0,0.0,0.3,4765000.2,11461.192391304348,0.0,0.0,8355000.0,0.0
Scribd,365.0008176,2810.0062944,0.0,0.0,0.0,0.0,0.0,0.0,0.0,0.0,0.0,0.0,0.0,12000.0,1.0,0.9,2223000.2,3710000.0,1.0,1.0,3356959.2,3710000.0
ScriptPad,1288.00288512,1288.00288512,13.0,1.0,7.0,0.0,0.0,0.0,0.0,39.0,3.0,0.0,0.0,12000.0,0.0,0.005,2969500.1,11461.192391304348,0.0,0.0,3060001.0,0.0
Scripted,475.001064,725.001624,314.0,1.0,9.0,0.0,0.0,0.0,0.0,628.0,2.0,0.0,0.0,300000.0,1.0,0.8,5990959.1,4500000.0,1.0,1.0,2885960.2,4500000.0
SeatGeek,467.00104608,1724.00386176,0.0,0.0,0.0,0.0,0.0,0.0,0.0,0.0,0.0,0.0,0.0,20000.0,1.0,0.9949823996655518,1330000.3,775000.0,1.0,1.0,3485959.3,775000.0
Securly,109.00024416,109.00024416,0.0,0.0,0.0,0.0,0.0,0.0,0.0,0.0,0.0,0.0,0.0,1000000.0,0.0,0.005,8130001.0,11461.192391304348,0.0,0.0,4980001.1,0.0
Seevibes,712.00159488,712.00159488,0.0,0.0,0.0,0.0,0.0,0.0,0.0,0.0,0.0,0.0,0.0,200000.0,0.0,0.005,4815001.0,11461.192391304348,0.0,0.0,5970959.0,0.0
SendHub,355.50079632,513.5011502399999,114.5,1.0,8.0,0.0,0.0,0.0,0.0,916.0,8.0,0.0,0.0,1000000.5,1.0,0.6,6585000.1,3000000.0,1.0,1.0,6840000.0,3000000.0
Senexx,1061.00237664,1061.00237664,162.0,3.0,15.0,0.0,0.0,0.0,0.0,162.0,3.0,0.0,0.0,250000.0,0.0,0.005,3535000.3,11461.192391304348,0.0,0.0,3970960.1,0.0
Sessions,770.0017248,770.0017248,0.0,0.0,0.0,0.0,0.0,0.0,0.0,0.0,0.0,0.0,0.0,20000.0,0.0,0.005,3427500.0,11461.192391304348,0.0,0.0,3510959.0,0.0
Shelby.tv,512.33448096,1070.33573088,0.0,0.0,0.0,0.0,0.0,0.0,0.0,0.0,0.0,0.0,0.0,575000.3333333334,1.0,0.9949823996655518,5791940.2,2200000.0,1.0,1.0,5216940.4,2200000.0
Shippable,124.50027888,124.50027888,64.5,1.0,8.0,0.0,0.0,1.0,8.0,258.0,4.0,0.0,4.0,1025000.5,0.0,0.1,7720001.1,11461.192391304348,0.0,0.0,8440001.0,0.0
Shoplins,765.0017136,765.0017136,0.0,0.0,0.0,0.0,0.0,0.0,0.0,0.0,0.0,0.0,0.0,50000.0,0.0,0.005,3022501.0,11461.192391304348,0.0,0.0,4090959.0,0.0
Shopperception,588.00131712,588.00131712,0.0,0.0,0.0,0.0,0.0,0.0,0.0,0.0,0.0,0.0,0.0,200000.0,0.0,0.005,5705960.0,11461.192391304348,0.0,0.0,5690959.0,0.0
Shopsy,319.00071456,319.00071456,0.0,0.0,0.0,0.0,0.0,0.0,0.0,0.0,0.0,0.0,0.0,100000.0,0.0,0.005,3510001.0,11461.192391304348,0.0,0.0,4252877.0,0.0
ShutterCal,373.00083552,373.00083552,0.0,0.0,0.0,0.0,0.0,0.0,0.0,0.0,0.0,0.0,0.0,52000.0,0.0,0.005,4890001.0,11461.192391304348,0.0,0.0,4651918.0,0.0
ShuttleCloud,841.00188384,841.00188384,0.0,0.0,0.0,0.0,0.0,0.0,0.0,0.0,0.0,0.0,0.0,349333.3333333333,0.0,0.005,3970000.1,11461.192391304348,0.0,0.0,2820959.2,0.0
SideTour,579.00129696,900.002016,0.0,0.0,0.0,0.0,0.0,0.0,0.0,0.0,0.0,0.0,0.0,750000.5,1.0,0.9949823996655518,3208470.1,2500000.0,1.0,1.0,7003470.3,2500000.0
Sift,-2116.5047409599997,3128.5070078400004,69.0,1.5,9.0,0.0,0.0,0.0,0.0,276.0,6.0,0.0,0.0,620000.0,1.0,0.9,5205004.0,2500000.0,1.0,1.0,3825001.0,2500000.0
Simperium,1500.00336,1500.00336,16.0,1.0,10.0,0.0,0.0,0.0,0.0,32.0,2.0,0.0,0.0,1.0,0.0,0.005,2787500.2,11461.192391304348,0.0,0.0,3270000.0,0.0
Simplee,410.0009184,1045.0023408,130.0,1.0,8.0,0.0,0.0,0.0,0.0,130.0,1.0,0.0,0.0,1800000.0,1.0,0.9949823996655518,10105000.0,6000000.0,1.0,1.0,8716940.2,6000000.0
Simply Hired,582.00130368,3692.00827008,0.0,0.0,0.0,0.0,0.0,0.0,0.0,0.0,0.0,0.0,0.0,1200000.0,1.0,0.9949823996655518,6115000.0,3000000.0,1.0,1.0,2400000.2,3000000.0
Sitesimon,979.00219296,979.00219296,0.0,0.0,0.0,0.0,0.0,0.0,0.0,0.0,0.0,0.0,0.0,25000.0,0.0,0.005,3190000.1,11461.192391304348,0.0,0.0,2970959.0,0.0
Skillbridge,199.00044576,199.00044576,10.0,1.0,6.0,0.0,0.0,0.0,0.0,10.0,1.0,0.0,0.0,20000.0,0.0,0.1,1712000.0,11461.192391304348,0.0,0.0,3480002.0,0.0
Skimble,1015.0022736,1015.0022736,0.0,0.0,0.0,0.0,0.0,0.0,0.0,0.0,0.0,0.0,0.0,20000.0,0.0,0.005,3760000.1,11461.192391304348,0.0,0.0,2535959.0,0.0
Smackages,1380.0030912,1380.0030912,0.0,0.0,0.0,0.0,0.0,0.0,0.0,0.0,0.0,0.0,0.0,20000.0,0.0,0.005,2892500.1,11461.192391304348,0.0,0.0,2755959.1,0.0
SmartAsset,467.00104608,467.00104608,60.0,1.0,9.0,0.0,0.0,0.0,0.0,120.0,2.0,0.0,0.0,1500000.0,0.0,0.1,9820000.0,11461.192391304348,0.0,0.0,7710959.1,0.0
Snapjoy,984.00220416,984.00220416,53.5,1.0,8.0,0.0,0.0,0.0,0.0,107.0,2.0,0.0,0.0,1.0,0.0,0.005,2890000.1,11461.192391304348,0.0,0.0,2815960.0,0.0
Snaptalent,2231.00499744,2231.00499744,284.75,1.5,9.75,1.25,10.25,0.0,0.0,1139.0,6.0,5.0,0.0,1.0,0.0,0.005,6120000.4,11461.192391304348,0.0,0.0,4545000.1,0.0
SocStock,588.00131712,588.00131712,0.0,0.0,0.0,0.0,0.0,0.0,0.0,0.0,0.0,0.0,0.0,1.0,0.0,0.005,3600000.0,11461.192391304348,0.0,0.0,3780959.0,0.0
SocialBro,197.00044128,445.0009968,0.0,0.0,0.0,0.0,0.0,0.0,0.0,0.0,0.0,0.0,0.0,500000.0,1.0,0.8,2850002.0,1800000.0,1.0,1.0,5200960.1,1800000.0
SocialSci,1441.00322784,1441.00322784,0.0,0.0,0.0,0.0,0.0,0.0,0.0,0.0,0.0,0.0,0.0,12000.0,0.0,0.005,2742500.1,11461.192391304348,0.0,0.0,3895000.1,0.0
SocialWire,366.50082096,366.50082096,288.0,1.0,9.0,0.0,0.0,0.0,0.0,576.0,2.0,0.0,0.0,1750000.0,0.0,0.2,9575000.0,11461.192391304348,0.0,0.0,11100000.0,0.0
Socrative,192.00043008,192.00043008,0.0,0.0,0.0,0.0,0.0,0.0,0.0,0.0,0.0,0.0,0.0,750000.0,0.0,0.005,5328471.1,11461.192391304348,0.0,0.0,4568471.2,0.0
Songkick,565.0012656,2445.0054768,184.33333333333334,1.3333333333333333,11.666666666666666,0.0,0.0,0.0,0.0,553.0,4.0,0.0,0.0,15000.0,1.0,0.9,3356000.2,3500000.0,1.0,1.0,3371000.2,3500000.0
Space Monkey,577.00129248,577.00129248,0.0,0.0,0.0,0.0,0.0,0.0,0.0,0.0,0.0,0.0,0.0,2250000.0,0.0,0.1,11070000.0,11461.192391304348,0.0,0.0,10660000.0,0.0
Spinnakr,244.00054656,244.00054656,0.0,0.0,0.0,0.0,0.0,0.0,0.0,0.0,0.0,0.0,0.0,1000000.0,0.0,0.005,7070001.0,11461.192391304348,0.0,0.0,4770001.1,0.0
Splashscore,372.00083328,372.00083328,0.0,0.0,0.0,0.0,0.0,0.0,0.0,0.0,0.0,0.0,0.0,20000.0,0.0,0.005,5060000.0,11461.192391304348,0.0,0.0,4741918.0,0.0
Spling,844.50189168,844.50189168,0.0,0.0,0.0,0.0,0.0,0.0,0.0,0.0,0.0,0.0,0.0,212500.0,0.0,0.005,4500000.1,11461.192391304348,0.0,0.0,5020959.0,0.0
Spoondate,1135.0025424,1135.0025424,0.0,0.0,0.0,0.0,0.0,0.0,0.0,0.0,0.0,0.0,0.0,1.0,0.0,0.005,2417000.2,11461.192391304348,0.0,0.0,2065959.0,0.0
Sportlyzer,1060.3357084800004,1060.3357084800004,322.0,1.7142857142857142,10.571428571428571,0.2857142857142857,1.2857142857142858,0.0,0.0,6762.0,36.0,6.0,0.0,152333.66666666666,0.0,0.005,3958000.1,11461.192391304348,0.0,0.0,4548000.0,0.0
SpotMe,221.00049504,221.00049504,30.333333333333332,1.0,5.0,0.3333333333333333,1.3333333333333333,0.0,0.0,91.0,3.0,1.0,0.0,20000.0,0.0,0.005,1512000.0,11461.192391304348,0.0,0.0,3805960.0,0.0
Sproutel,560.50125552,560.50125552,0.0,0.0,0.0,0.0,0.0,0.0,0.0,0.0,0.0,0.0,0.0,139000.0,0.0,0.005,4225001.0,11461.192391304348,0.0,0.0,5770959.0,0.0
Sproutling,146.00032704,146.00032704,149.0,2.0,14.5,0.0,0.0,0.0,0.0,298.0,4.0,0.0,0.0,2600000.0,0.0,0.2,13210000.0,11461.192391304348,0.0,0.0,8455000.0,0.0
Sqrl,11.00002464,11.00002464,0.0,0.0,0.0,0.0,0.0,0.0,0.0,0.0,0.0,0.0,0.0,550000.0,0.0,0.3,5800002.0,11461.192391304348,0.0,0.0,3185001.1,0.0
Squabbler,359.00080416000003,359.00080416000003,0.0,0.0,0.0,0.0,0.0,0.0,0.0,0.0,0.0,0.0,0.0,1.0,0.0,0.005,4320000.0,11461.192391304348,0.0,0.0,4421918.0,0.0
StackSocial,565.0012656,565.0012656,0.0,0.0,0.0,0.0,0.0,0.0,0.0,0.0,0.0,0.0,0.0,800000.0,0.0,0.1,4718470.1,11461.192391304348,0.0,0.0,6450000.2,0.0
Stamplay,344.50077168,344.50077168,0.0,0.0,0.0,0.0,0.0,0.0,0.0,0.0,0.0,0.0,0.0,98889.0,0.0,0.005,3510001.0,11461.192391304348,0.0,0.0,3912877.0,0.0
StarStreet,1266.00283584,1266.00283584,0.0,0.0,0.0,0.0,0.0,0.0,0.0,0.0,0.0,0.0,0.0,300000.5,0.0,0.005,3785000.1,11461.192391304348,0.0,0.0,2950959.0,0.0
Starbates,726.00162624,726.00162624,0.0,0.0,0.0,0.0,0.0,0.0,0.0,0.0,0.0,0.0,0.0,20000.0,0.0,0.005,3027500.0,11461.192391304348,0.0,0.0,3800959.0,0.0
Statwing,557.00124768,557.00124768,95.0,1.0,9.0,0.0,0.0,0.0,0.0,380.0,4.0,0.0,0.0,1.0,0.0,0.005,4072000.0,11461.192391304348,0.0,0.0,4315960.0,0.0
Stripe,344.00077056000003,1075.002408,0.0,0.0,0.0,0.0,0.0,0.0,0.0,0.0,0.0,0.0,0.0,1000000.5,1.0,0.9949823996655518,8370000.0,18000000.0,1.0,1.0,8775000.1,18000000.0
Stupeflix,1987.00445088,1987.00445088,0.0,0.0,0.0,0.0,0.0,0.0,0.0,0.0,0.0,0.0,0.0,1.0,0.0,0.005,5500000.4,11461.192391304348,0.0,0.0,5215000.1,0.0
SupplyHog,247.00055328,247.00055328,0.0,0.0,0.0,0.0,0.0,0.0,0.0,0.0,0.0,0.0,0.0,2500000.0,0.0,0.005,11950000.0,11461.192391304348,0.0,0.0,11740000.0,0.0
SurpriseRide,373.00083552,373.00083552,0.0,0.0,0.0,0.0,0.0,0.0,0.0,0.0,0.0,0.0,0.0,100000.0,0.0,0.005,4890001.0,11461.192391304348,0.0,0.0,3912877.0,0.0
Survata,251.50056336,251.50056336,83.0,1.0,9.0,0.0,0.0,0.0,0.0,332.0,4.0,0.0,0.0,758500.0,0.0,0.005,6425001.1,11461.192391304348,0.0,0.0,3885001.0,0.0
Sush.io,290.0006496,290.0006496,0.0,0.0,0.0,0.0,0.0,0.0,0.0,0.0,0.0,0.0,0.0,325000.0,0.0,0.005,3305961.0,11461.192391304348,0.0,0.0,4017878.1,0.0
Sverve,215.0004816,215.0004816,0.0,0.0,0.0,0.0,0.0,0.0,0.0,0.0,0.0,0.0,0.0,217500.5,0.0,0.005,2900002.0,11461.192391304348,0.0,0.0,4651918.0,0.0
Swift Identity,300.000672,300.000672,0.0,0.0,0.0,0.0,0.0,0.0,0.0,0.0,0.0,0.0,0.0,50000.0,0.0,0.005,3660001.0,11461.192391304348,0.0,0.0,5081918.0,0.0
Swiftype,339.00075936,474.00106175999997,19.0,1.0,10.0,0.0,0.0,0.0,0.0,76.0,4.0,0.0,0.0,850000.5,1.0,0.8,5900001.1,7500000.0,1.0,1.0,5905000.1,7500000.0
Swipesense,506.00113344,506.00113344,0.0,0.0,0.0,0.0,0.0,0.0,0.0,0.0,0.0,0.0,0.0,930004.0,0.0,0.005,6196940.2,11461.192391304348,0.0,0.0,7420000.2,0.0
Symvato,161.00036064,161.00036064,0.0,0.0,0.0,0.0,0.0,0.0,0.0,0.0,0.0,0.0,0.0,50000.0,0.0,0.1,1745001.0,11461.192391304348,0.0,0.0,3820959.0,0.0
TRData,745.0016688,745.0016688,521.0,1.0,8.0,1.0,8.0,1.0,8.0,2605.0,5.0,5.0,5.0,71000.0,0.0,0.005,4915000.0,11461.192391304348,0.0,0.0,5990000.0,0.0
Tablefinder,2630.33922528,2630.33922528,0.0,0.0,0.0,0.0,0.0,0.0,0.0,0.0,0.0,0.0,0.0,133333.33333333334,0.0,0.1,4650000.6,11461.192391304348,0.0,0.0,4830000.4,0.0
Tagstand,1135.0025424,1135.0025424,281.3333333333333,1.6666666666666667,15.333333333333334,3.6666666666666665,31.333333333333332,0.0,0.0,844.0,5.0,11.0,0.0,1.0,0.0,0.005,3720000.1,11461.192391304348,0.0,0.0,6320000.0,0.0
Take the Interview,663.00148512,892.00199808,0.0,0.0,0.0,0.0,0.0,0.0,0.0,0.0,0.0,0.0,0.0,1150000.0,1.0,0.9,6255000.0,2200000.0,1.0,1.0,5540000.3,2200000.0
Tapestry,453.00101472,453.00101472,0.0,0.0,0.0,0.0,0.0,0.0,0.0,0.0,0.0,0.0,0.0,600000.0,0.0,0.005,4866940.2,11461.192391304348,0.0,0.0,6775000.1,0.0
TaskRabbit,401.50089936,1413.5031662400002,0.0,0.0,0.0,0.0,0.0,0.0,0.0,0.0,0.0,0.0,0.0,925000.0,1.0,0.9949823996655518,5098880.4,5000000.0,1.0,1.0,6591940.3,5000000.0
Tealet,334.00074816,334.00074816,0.0,0.0,0.0,0.0,0.0,0.0,0.0,0.0,0.0,0.0,0.0,20000.0,0.0,0.005,3640000.0,11461.192391304348,0.0,0.0,5081918.0,0.0
Teamly,368.00082432,368.00082432,1130.0,1.0,8.0,0.0,0.0,0.0,0.0,2260.0,2.0,0.0,0.0,250000.0,0.0,0.005,5026918.1,11461.192391304348,0.0,0.0,3496919.1,0.0
Teliportme,679.00152096,679.00152096,296.0,1.0,8.0,0.0,0.0,0.0,0.0,296.0,1.0,0.0,0.0,1.0,0.0,0.005,3960000.0,11461.192391304348,0.0,0.0,4105960.0,0.0
The Tap Lab,786.00176064,786.00176064,0.0,0.0,0.0,0.0,0.0,0.0,0.0,0.0,0.0,0.0,0.0,506000.0,0.0,0.005,3100000.1,11461.192391304348,0.0,0.0,4970959.2,0.0
The Whoot,770.0017248,770.0017248,0.0,0.0,0.0,0.0,0.0,0.0,0.0,0.0,0.0,0.0,0.0,1.0,0.0,0.005,3077500.0,11461.192391304348,0.0,0.0,2440959.0,0.0
TheFanLeague,345.0007728,345.0007728,0.0,0.0,0.0,0.0,0.0,0.0,0.0,0.0,0.0,0.0,0.0,25000.0,0.0,0.005,3640000.0,11461.192391304348,0.0,0.0,4741918.0,0.0
ThinkNear,1023.00229152,1023.00229152,0.0,0.0,0.0,0.0,0.0,0.0,0.0,0.0,0.0,0.0,0.0,815000.5,0.0,0.005,5055000.0,11461.192391304348,0.0,0.0,6110000.1,0.0
ThriveHive,580.0012992,580.0012992,132.33333333333334,1.0,6.0,0.0,0.0,0.0,0.0,397.0,3.0,0.0,0.0,1500000.0,0.0,0.2,7850000.0,11461.192391304348,0.0,0.0,5960000.2,0.0
Thryve,679.00152096,679.00152096,0.0,0.0,0.0,0.0,0.0,0.0,0.0,0.0,0.0,0.0,0.0,50000.0,0.0,0.005,3892501.0,11461.192391304348,0.0,0.0,4440959.0,0.0
Thumbs Up,679.00152096,679.00152096,0.0,0.0,0.0,0.0,0.0,0.0,0.0,0.0,0.0,0.0,0.0,50000.0,0.0,0.005,3892501.0,11461.192391304348,0.0,0.0,4440959.0,0.0
Tienda Nube,517.00115808,862.00193088,0.0,0.0,0.0,0.0,0.0,0.0,0.0,0.0,0.0,0.0,0.0,300000.0,1.0,0.9949823996655518,5365960.0,1000000.0,1.0,1.0,2820959.2,1000000.0
Tienda Nube / Nuvem Shop,517.00115808,862.00193088,0.0,0.0,0.0,0.0,0.0,0.0,0.0,0.0,0.0,0.0,0.0,300000.0,1.0,0.9949823996655518,5365960.0,1000000.0,1.0,1.0,2820959.2,1000000.0
Timbuktu Labs,385.0008624,385.0008624,0.0,0.0,0.0,0.0,0.0,0.0,0.0,0.0,0.0,0.0,0.0,570000.0,0.0,0.005,6450000.0,11461.192391304348,0.0,0.0,6585000.1,0.0
Tindie,419.00093856,419.00093856,212.0,1.0,8.0,0.0,0.0,1.0,8.0,212.0,1.0,0.0,1.0,500000.0,0.0,0.005,5751919.1,11461.192391304348,0.0,0.0,4447879.2,0.0
Tiny Speck,232.5005208,1642.5036792,0.0,0.0,0.0,0.0,0.0,0.0,0.0,0.0,0.0,0.0,0.0,750000.5,1.0,0.9949823996655518,4125410.3,5000000.0,1.0,1.0,3067351.6,5000000.0
TinyTap,451.00101024,451.00101024,15.0,1.0,5.0,0.0,0.0,0.0,0.0,15.0,1.0,0.0,0.0,500000.0,0.0,0.005,4600002.0,11461.192391304348,0.0,0.0,3025003.1,0.0
Tipjoy,2231.00499744,2231.00499744,248.0,1.0,9.0,0.0,0.0,0.0,0.0,248.0,1.0,0.0,0.0,1.0,0.0,0.005,6120000.4,11461.192391304348,0.0,0.0,3050000.1,0.0
Tracelytics,140.0003136,829.00185696,0.0,0.0,0.0,0.0,0.0,0.0,0.0,0.0,0.0,0.0,0.0,600000.0,1.0,0.9,4800001.0,5200000.0,1.0,1.0,7990001.1,5200000.0
Transcriptic,438.00098112,438.00098112,432.0,2.0,13.0,1.0,8.0,0.0,0.0,432.0,2.0,1.0,0.0,1200000.0,0.0,0.005,6925000.1,11461.192391304348,0.0,0.0,9680959.0,0.0
TransferWise,521.00116704,793.00177632,0.0,0.0,0.0,0.0,0.0,0.0,0.0,0.0,0.0,0.0,0.0,675000.0,1.0,0.8,7300410.3,6000000.0,1.0,1.0,10450000.2,6000000.0
Transit App,300.000672,300.000672,0.0,0.0,0.0,0.0,0.0,0.0,0.0,0.0,0.0,0.0,0.0,50000.0,0.0,0.005,3660001.0,11461.192391304348,0.0,0.0,5081918.0,0.0
Tred,740.0016576,740.0016576,0.0,0.0,0.0,0.0,0.0,0.0,0.0,0.0,0.0,0.0,0.0,50000.5,0.0,0.005,3052501.0,11461.192391304348,0.0,0.0,4110959.0,0.0
Trendsetters,1135.0025424,1135.0025424,0.0,0.0,0.0,0.0,0.0,0.0,0.0,0.0,0.0,0.0,0.0,25000.0,0.0,0.005,2667000.2,11461.192391304348,0.0,0.0,2585959.0,0.0
TripIt,2484.00556416,2484.00556416,302.0,1.4,12.4,3.6,28.6,0.2,1.6,1510.0,7.0,18.0,1.0,1000000.0,0.0,0.1,9280000.0,11461.192391304348,0.0,0.0,9165000.0,0.0
Tripl,996.00223104,996.00223104,0.0,0.0,0.0,0.0,0.0,0.0,0.0,0.0,0.0,0.0,0.0,300000.0,0.0,0.005,3480000.1,11461.192391304348,0.0,0.0,3070959.1,0.0
TrustEgg,385.50086352,385.50086352,478.0,1.0,9.0,2.5,22.5,2.0,18.0,1912.0,4.0,10.0,8.0,575000.0,0.0,0.1,11650959.0,11461.192391304348,0.0,0.0,13235000.0,0.0
Tutorspree,782.00175168,782.00175168,117.0,1.0,10.0,0.0,0.0,0.0,0.0,351.0,3.0,0.0,0.0,1000000.0,0.0,0.005,5450000.0,11461.192391304348,0.0,0.0,6410000.0,0.0
Tweetwall,679.00152096,679.00152096,0.0,0.0,0.0,0.0,0.0,0.0,0.0,0.0,0.0,0.0,0.0,165000.0,0.0,0.005,4635960.0,11461.192391304348,0.0,0.0,5670959.0,0.0
Twilio,363.00081312,1865.0041776,856.6666666666666,1.0,10.0,2.0,15.0,0.0,0.0,2570.0,3.0,6.0,0.0,1000000.0,1.0,0.9,6351940.3,3700000.0,1.0,1.0,6183470.1,3700000.0
Twitmusic,541.50121296,541.50121296,0.0,0.0,0.0,0.0,0.0,0.0,0.0,0.0,0.0,0.0,0.0,1.0,0.0,0.005,3860000.0,11461.192391304348,0.0,0.0,3900959.0,0.0
Ubersense,628.50140784,628.50140784,0.0,0.0,0.0,0.0,0.0,0.0,0.0,0.0,0.0,0.0,0.0,550000.5,0.0,0.1,3925000.0,11461.192391304348,0.0,0.0,3460000.2,0.0
Udemy,407.00091168,1258.00281792,0.0,0.0,0.0,0.0,0.0,0.0,0.0,0.0,0.0,0.0,0.0,1000000.0,1.0,0.9949823996655518,5851940.2,3000000.0,1.0,1.0,6591940.3,3000000.0
Umbie DentalCare,648.50145264,648.50145264,0.0,0.0,0.0,0.0,0.0,0.0,0.0,0.0,0.0,0.0,0.0,192500.0,0.0,0.005,5595960.0,11461.192391304348,0.0,0.0,5970959.0,0.0
Upverter,128.00028672,354.00079295999996,171.0,1.0,8.0,0.0,0.0,0.0,0.0,513.0,3.0,0.0,0.0,650000.0,1.0,0.9,7450000.1,1500000.0,1.0,1.0,2775001.1,1500000.0
Urbita,404.00090496,404.00090496,0.0,0.0,0.0,0.0,0.0,0.0,0.0,0.0,0.0,0.0,0.0,650000.0,0.0,0.005,5991940.2,11461.192391304348,0.0,0.0,8083470.2,0.0
Urtak,857.00191968,857.00191968,0.0,0.0,0.0,0.0,0.0,0.0,0.0,0.0,0.0,0.0,0.0,256000.0,0.0,0.005,3845000.1,11461.192391304348,0.0,0.0,2950959.1,0.0
UsherBuddy,984.00220416,984.00220416,0.0,0.0,0.0,0.0,0.0,0.0,0.0,0.0,0.0,0.0,0.0,20000.0,0.0,0.005,3190000.1,11461.192391304348,0.0,0.0,2970959.0,0.0
VONTRIP,346.00077504,346.00077504,0.0,0.0,0.0,0.0,0.0,0.0,0.0,0.0,0.0,0.0,0.0,25000.0,0.0,0.005,3640000.0,11461.192391304348,0.0,0.0,4741918.0,0.0
Validic,553.66790688,553.66790688,0.0,0.0,0.0,0.0,0.0,0.0,0.0,0.0,0.0,0.0,0.0,286166.6666666667,0.0,0.005,5355960.0,11461.192391304348,0.0,0.0,3370959.2,0.0
Vayable,790.0017696,790.0017696,658.0,1.0,10.0,0.0,0.0,0.0,0.0,658.0,1.0,0.0,0.0,1.0,0.0,0.005,3200000.0,11461.192391304348,0.0,0.0,4065960.0,0.0
Venturepax,1212.00271488,1212.00271488,0.0,0.0,0.0,0.0,0.0,0.0,0.0,0.0,0.0,0.0,0.0,70000.0,0.0,0.005,2669500.1,11461.192391304348,0.0,0.0,2975959.0,0.0
Verbling,1015.0022736,1015.0022736,110.5,1.0,9.0,0.0,0.0,0.0,0.0,221.0,2.0,0.0,0.0,20000.0,0.0,0.005,4530959.0,11461.192391304348,0.0,0.0,2890960.0,0.0
Versa,161.50036175999998,161.50036175999998,0.0,0.0,0.0,0.0,0.0,0.0,0.0,0.0,0.0,0.0,0.0,1000000.0,0.0,0.2,6730001.0,11461.192391304348,0.0,0.0,4970001.1,0.0
ViFlux,710.0015904,710.0015904,0.0,0.0,0.0,0.0,0.0,0.0,0.0,0.0,0.0,0.0,0.0,25000.0,0.0,0.005,3077500.0,11461.192391304348,0.0,0.0,4230959.0,0.0
Virool,474.00106175999997,474.00106175999997,263.5,2.0,13.5,0.0,0.0,0.0,0.0,1054.0,8.0,0.0,0.0,3310000.5,0.0,0.2,8655000.0,11461.192391304348,0.0,0.0,6860000.0,0.0
Visual.ly,817.00183008,843.00188832,0.0,0.0,0.0,0.0,0.0,0.0,0.0,0.0,0.0,0.0,0.0,2000000.0,1.0,0.6,9370000.0,8100000.0,1.0,1.0,9840000.0,8100000.0
Von Bismark,617.00138208,617.00138208,0.0,0.0,0.0,0.0,0.0,0.0,0.0,0.0,0.0,0.0,0.0,140000.0,0.0,0.005,4635001.0,11461.192391304348,0.0,0.0,5900959.0,0.0
Voxeet,9.000020160000002,9.000020160000002,17.333333333333332,1.0,6.0,0.0,0.0,0.0,0.0,208.0,12.0,0.0,0.0,1500000.0,0.0,0.1,14500000.0,11461.192391304348,0.0,0.0,6775001.1,0.0
Vungle,456.00102144,648.00145152,0.0,0.0,0.0,0.0,0.0,0.0,0.0,0.0,0.0,0.0,0.0,2000000.0,1.0,0.9,11568470.1,6500000.0,1.0,1.0,12900000.0,6500000.0
Vuzit,2383.50533904,2383.50533904,135.0,2.0,9.0,0.0,0.0,0.0,0.0,270.0,4.0,0.0,0.0,40000.0,0.0,0.005,6270000.4,11461.192391304348,0.0,0.0,2485000.4,0.0
Wahanda,2187.00489888,2187.00489888,403.0,1.0,8.0,5.0,31.0,0.0,0.0,403.0,1.0,5.0,0.0,1500000.0,0.0,0.005,10870000.0,11461.192391304348,0.0,0.0,7835000.0,0.0
WakeMate,1528.0034227200001,1528.0034227200001,40.0,1.0,10.0,0.0,0.0,0.0,0.0,160.0,4.0,0.0,0.0,1.0,0.0,0.1,3507500.1,11461.192391304348,0.0,0.0,4650959.0,0.0
Wallaby Financial,528.00118272,528.00118272,0.0,0.0,0.0,0.0,0.0,0.0,0.0,0.0,0.0,0.0,0.0,1100000.0,0.0,0.005,5693470.1,11461.192391304348,0.0,0.0,5370000.3,0.0
Watsi,199.00044576,199.00044576,18.75,1.0,8.0,0.0,0.0,0.0,0.0,75.0,4.0,0.0,0.0,1200000.0,0.0,0.2,6195001.1,11461.192391304348,0.0,0.0,5695001.1,0.0
Wattvision,1865.0041776,1865.0041776,79.5,1.5,10.0,0.0,0.0,0.0,0.0,159.0,3.0,0.0,0.0,1.0,0.0,0.005,6190000.3,11461.192391304348,0.0,0.0,3815000.0,0.0
WeHostels,693.00155232,693.00155232,0.0,0.0,0.0,0.0,0.0,0.0,0.0,0.0,0.0,0.0,0.0,1200000.0,0.0,0.005,7780000.0,11461.192391304348,0.0,0.0,6250000.3,0.0
WePay,356.00079744,1865.0041776,361.0,1.0,10.0,0.0,0.0,0.0,0.0,722.0,2.0,0.0,0.0,1.0,1.0,0.9949823996655518,3418000.2,1650000.0,1.0,1.0,3993959.1,1650000.0
Weebly,2596.00581504,2596.00581504,332.0,1.0,10.0,4.333333333333333,37.666666666666664,0.0,0.0,996.0,3.0,13.0,0.0,20000.0,0.0,0.005,7610000.2,11461.192391304348,0.0,0.0,1975000.5,0.0
Welcu,1166.00261184,1166.00261184,0.0,0.0,0.0,0.0,0.0,0.0,0.0,0.0,0.0,0.0,0.0,1.0,0.0,0.005,2417000.2,11461.192391304348,0.0,0.0,2040959.0,0.0
Wello,438.00098112,438.00098112,83.66666666666667,1.3333333333333333,8.666666666666666,0.0,0.0,0.6666666666666666,5.333333333333333,251.0,4.0,0.0,2.0,1000000.0,0.0,0.005,6775960.1,11461.192391304348,0.0,0.0,7425000.0,0.0
Where My Dogs At,593.00132832,593.00132832,0.0,0.0,0.0,0.0,0.0,0.0,0.0,0.0,0.0,0.0,0.0,30000.0,0.0,0.005,4270000.0,11461.192391304348,0.0,0.0,5000959.0,0.0
Wideo,402.00090048,402.00090048,0.0,0.0,0.0,0.0,0.0,0.0,0.0,0.0,0.0,0.0,0.0,25000.0,0.0,0.005,4810000.0,11461.192391304348,0.0,0.0,4741918.0,0.0
Widow Games,51.00011424,51.00011424,0.0,0.0,0.0,0.0,0.0,0.0,0.0,0.0,0.0,0.0,0.0,250000.0,0.0,0.1,2205003.0,11461.192391304348,0.0,0.0,3456919.0,0.0
Wikisway,517.00115808,517.00115808,0.0,0.0,0.0,0.0,0.0,0.0,0.0,0.0,0.0,0.0,0.0,140000.0,0.0,0.005,4885001.0,11461.192391304348,0.0,0.0,5740959.1,0.0
Wizpert,762.00170688,762.00170688,0.0,0.0,0.0,0.0,0.0,0.0,0.0,0.0,0.0,0.0,0.0,25000.0,0.0,0.005,2997500.0,11461.192391304348,0.0,0.0,3510959.0,0.0
WooWho,770.0017248,770.0017248,0.0,0.0,0.0,0.0,0.0,0.0,0.0,0.0,0.0,0.0,0.0,1.0,0.0,0.005,3077500.0,11461.192391304348,0.0,0.0,2440959.0,0.0
WoowUp,557.00124768,557.00124768,0.0,0.0,0.0,0.0,0.0,0.0,0.0,0.0,0.0,0.0,0.0,25000.0,0.0,0.005,4010000.0,11461.192391304348,0.0,0.0,5040959.0,0.0
Wordy,1257.00281568,1257.00281568,0.0,0.0,0.0,0.0,0.0,0.0,0.0,0.0,0.0,0.0,0.0,50000.0,0.0,0.005,2644500.1,11461.192391304348,0.0,0.0,3290959.0,0.0
World Blender,1196.00267904,1196.00267904,0.0,0.0,0.0,0.0,0.0,0.0,0.0,0.0,0.0,0.0,0.0,12000.0,0.0,0.005,2469500.1,11461.192391304348,0.0,0.0,2860959.0,0.0
Wundrbar,2231.00499744,2231.00499744,208.0,1.0,5.0,3.0,25.0,0.0,0.0,208.0,1.0,3.0,0.0,1.0,0.0,0.005,7360000.2,11461.192391304348,0.0,0.0,4090000.1,0.0
Wymsee,291.50065296,291.50065296,0.0,0.0,0.0,0.0,0.0,0.0,0.0,0.0,0.0,0.0,0.0,1250000.5,0.0,0.005,7610000.0,11461.192391304348,0.0,0.0,4145001.2,0.0
Yardsale,922.00206528,922.00206528,56.0,1.0,10.0,0.0,0.0,0.0,0.0,112.0,2.0,0.0,0.0,1.0,0.0,0.005,2890000.1,11461.192391304348,0.0,0.0,2785960.0,0.0
Zaarly,229.00051296,1068.00239232,1086.6666666666667,1.3333333333333333,12.0,0.6666666666666666,4.666666666666667,0.6666666666666666,3.6666666666666665,3260.0,4.0,2.0,2.0,1000000.0,1.0,0.7,6540000.1,14150000.0,1.0,1.0,6850000.0,14150000.0
Zagster,747.00167328,747.00167328,0.0,0.0,0.0,0.0,0.0,0.0,0.0,0.0,0.0,0.0,0.0,118000.0,0.0,0.005,3385001.0,11461.192391304348,0.0,0.0,4510959.0,0.0
Zapier,548.00122752,548.00122752,65.66666666666667,1.0,8.0,0.0,0.0,0.0,0.0,394.0,6.0,0.0,0.0,600000.5,0.0,0.005,7935961.2,11461.192391304348,0.0,0.0,2875001.1,0.0
ZappRx,83.50018703999999,83.50018703999999,55.0,1.0,7.0,0.0,0.0,0.0,0.0,220.0,4.0,0.0,0.0,1000000.0,0.0,0.005,7745000.1,11461.192391304348,0.0,0.0,3795001.1,0.0
Zaranga,633.50141904,633.50141904,28.5,1.5,10.0,0.0,0.0,0.0,0.0,114.0,6.0,0.0,0.0,1.0,0.0,0.005,4422000.0,11461.192391304348,0.0,0.0,3880002.0,0.0
Zemanta,1746.00391104,1746.00391104,0.0,0.0,0.0,0.0,0.0,0.0,0.0,0.0,0.0,0.0,0.0,1750000.0,0.0,0.1,8530000.0,11461.192391304348,0.0,0.0,8035000.0,0.0
ZenPayroll,567.0012700800002,567.0012700800002,757.0,1.6666666666666667,12.666666666666666,3.6666666666666665,31.333333333333332,0.0,0.0,4542.0,10.0,22.0,0.0,3050000.5,0.0,0.1,11010000.0,11461.192391304348,0.0,0.0,7160000.0,0.0
Zencoder,435.0009744000001,1469.00329056,156.33333333333334,1.3333333333333333,11.666666666666666,2.3333333333333335,17.0,0.0,0.0,469.0,4.0,7.0,0.0,1.0,1.0,0.9,5225000.1,2000000.0,1.0,1.0,5460000.0,2000000.0
Zendesk,322.00072128,2062.00461888,0.0,0.0,0.0,0.0,0.0,0.0,0.0,0.0,0.0,0.0,0.0,500000.0,1.0,0.9949823996655518,4825001.1,1.0,1.0,1.0,5110959.2,1.0
Zendrive,164.00036736,164.00036736,362.0,1.5,12.5,2.5,19.0,0.0,0.0,724.0,3.0,5.0,0.0,1500000.0,0.0,0.005,10080000.0,11461.192391304348,0.0,0.0,7860000.0,0.0
Zenefits,180.0004032,198.00044352,28.0,2.0,14.0,0.0,0.0,0.0,0.0,56.0,4.0,0.0,0.0,2100000.0,1.0,0.6,11510000.0,15000000.0,1.0,1.0,10800000.0,15000000.0
Zeppelin,557.00124768,557.00124768,0.0,0.0,0.0,0.0,0.0,0.0,0.0,0.0,0.0,0.0,0.0,118000.0,0.0,0.005,3945001.0,11461.192391304348,0.0,0.0,5740959.0,0.0
Zerply,649.00145376,649.00145376,0.0,0.0,0.0,0.0,0.0,0.0,0.0,0.0,0.0,0.0,0.0,600000.0,0.0,0.005,4075000.0,11461.192391304348,0.0,0.0,5750000.2,0.0
Zillabyte,454.50101808,454.50101808,221.0,1.0,9.0,0.0,0.0,0.0,0.0,442.0,2.0,0.0,0.0,1.0,0.0,0.1,5130959.0,11461.192391304348,0.0,0.0,4756919.0,0.0
ZoomTilt,346.00077504,346.00077504,0.0,0.0,0.0,0.0,0.0,0.0,0.0,0.0,0.0,0.0,0.0,88000.0,0.0,0.005,3510001.0,11461.192391304348,0.0,0.0,3901918.0,0.0
Zyrra,1182.00264768,1182.00264768,64.5,1.0,7.0,0.0,0.0,0.0,0.0,129.0,2.0,0.0,0.0,445000.0,0.0,0.3,6480959.2,11461.192391304348,0.0,0.0,3245003.1,0.0
adFreeq,325.000728,325.000728,0.0,0.0,0.0,0.0,0.0,0.0,0.0,0.0,0.0,0.0,0.0,139000.0,0.0,0.005,3610960.0,11461.192391304348,0.0,0.0,4182877.0,0.0
aisle411,625.0013999999999,783.0017539200002,40.666666666666664,1.0,7.0,0.0,0.0,0.0,0.0,488.0,12.0,0.0,0.0,525000.0,1.0,0.8,3145000.3,6500000.0,1.0,1.0,2395001.1,6500000.0
biNu,1493.00334432,1987.00445088,12.0,1.0,7.0,0.0,0.0,0.0,0.0,24.0,2.0,0.0,0.0,600000.0,1.0,0.9,8535000.1,3150000.0,1.0,1.0,8675001.0,3150000.0
coUrbanize,349.00078176,349.00078176,0.0,0.0,0.0,0.0,0.0,0.0,0.0,0.0,0.0,0.0,0.0,118000.0,0.0,0.005,3510001.0,11461.192391304348,0.0,0.0,3912877.0,0.0
docTrackr,621.00139104,621.00139104,0.0,0.0,0.0,0.0,0.0,0.0,0.0,0.0,0.0,0.0,0.0,1000000.5,0.0,0.005,5065000.0,11461.192391304348,0.0,0.0,6805000.2,0.0
drchrono,849.401902656,849.401902656,315.5,1.0,10.0,0.0,0.0,1.0,10.0,3155.0,10.0,0.0,10.0,265000.6,0.0,0.1,6830000.0,11461.192391304348,0.0,0.0,8135000.0,0.0
everbill,526.0011782400001,526.0011782400001,40.25,2.0,10.0,0.0,0.0,0.5,3.0,161.0,8.0,0.0,2.0,50000.0,0.0,0.005,5132000.0,11461.192391304348,0.0,0.0,6025959.0,0.0
femeninas,345.0007728,345.0007728,52.0,1.0,6.0,0.0,0.0,0.0,0.0,104.0,2.0,0.0,0.0,25000.0,0.0,0.1,3682000.0,11461.192391304348,0.0,0.0,4581920.0,0.0
iCouch,770.0017248,770.0017248,0.0,0.0,0.0,0.0,0.0,0.0,0.0,0.0,0.0,0.0,0.0,20000.0,0.0,0.005,3427500.0,11461.192391304348,0.0,0.0,3510959.0,0.0
iCracked,670.0015008,670.0015008,85.0,1.0,10.0,0.0,0.0,0.0,0.0,170.0,2.0,0.0,0.0,1.0,0.0,0.005,3812959.0,11461.192391304348,0.0,0.0,4046919.0,0.0
iMedicare,155.0003472,155.0003472,0.0,0.0,0.0,0.0,0.0,0.0,0.0,0.0,0.0,0.0,0.0,400000.0,0.0,0.005,3300002.0,11461.192391304348,0.0,0.0,2556921.1,0.0
inDinero,1010.6689305599999,1010.6689305599999,239.5,1.0,9.0,0.0,0.0,0.0,0.0,1437.0,6.0,0.0,0.0,405667.0,0.0,0.005,2650000.4,11461.192391304348,0.0,0.0,3515003.1,0.0
mParticle,117.00026207999998,117.00026207999998,152.0,1.1428571428571428,11.285714285714286,1.4285714285714286,10.714285714285714,0.14285714285714285,1.4285714285714286,1064.0,8.0,10.0,1.0,3000000.0,0.0,0.1,12860000.0,11461.192391304348,0.0,0.0,7105000.0,0.0
numberFire,872.5019543999999,872.5019543999999,0.0,0.0,0.0,0.0,0.0,0.0,0.0,0.0,0.0,0.0,0.0,387500.0,0.0,0.005,3970000.1,11461.192391304348,0.0,0.0,3000959.2,0.0
oneforty,123.00027552000002,1613.00361312,1371.2,1.4,10.8,0.4,3.6,0.0,0.0,6856.0,7.0,2.0,0.0,1.0,1.0,0.9,2533002.1,1980000.0,1.0,1.0,3946000.0,1980000.0
ooomf,288.50064624,288.50064624,179.75,1.25,8.0,0.0,0.0,0.0,0.0,1438.0,10.0,0.0,0.0,250000.5,0.0,0.005,3150960.1,11461.192391304348,0.0,0.0,4740959.1,0.0
popexpert,374.66750592,374.66750592,253.0,1.0,8.0,6.5,53.0,1.5,12.0,1518.0,6.0,39.0,9.0,833333.3333333334,0.0,0.005,8815000.1,11461.192391304348,0.0,0.0,13035000.0,0.0
qunb,519.00116256,519.00116256,197.0,1.0,7.0,0.0,0.0,0.0,0.0,788.0,4.0,0.0,0.0,320000.5,0.0,0.005,4971918.2,11461.192391304348,0.0,0.0,2895003.1,0.0
t-Art,698.00156352,698.00156352,0.0,0.0,0.0,0.0,0.0,0.0,0.0,0.0,0.0,0.0,0.0,25000.0,0.0,0.005,3137500.0,11461.192391304348,0.0,0.0,4230959.0,0.0
